,veh_make_other,vehicle_model,vehicle_year,weight_class_cvm,vehicle_classification,vehicle_weight
0,Ford,TRANSIT,2020,LHD,3,9999998
1,Ford,TRANSIT,2020,LHD,3,9999998
2,Ford,TRANSIT,2020,LHD,3,9999998
3,Ford,TRANSIT,2020,LHD,3,9999998
4,Ford,TRANSIT,2020,LHD,3,9999998
5,Ford,TRANSIT,2020,LHD,3,9999998
6,Ford,TRANSIT,2020,LHD,3,9999998
7,Ford,RANGER,2020,DA,2,6050
8,Ford,F150,2020,DA,2,7010
9,Ford,Maverick,2022,DA,2,9999998
10,DODGE,Sprinter,2006,LHD,3,9999998
11,DODGE,Sprinter,2006,LHD,3,9999998
12,DODGE,Sprinter,2006,LHD,3,9999998
13,Chevrolet,C 4500,2007,LHD,6,9999998
14,Chevrolet,SUBURBAN,1999,DA,1,9999998
15,Chevrolet,SUBURBAN,1999,DA,1,9999998
16,Ford,F450 Super Duty Flatbed,2004,LHD,5,9999998
17,International,Box,2016,HHD,6,9999998
18,International,Box,2018,HHD,6,9999998
19,International,Box,2016,HHD,6,9999998
20,Ford,F-150,2017,DA,2,9999998
21,Ford,f150,2017,DA,2,9999998
22,Freightliner,Box,2018,MHD,5,9999998
23,International,Stake,2018,MHD,5,9999998
24,Peterbilt,Tanker,2015,HHD,8,9999998
25,Kenworth,m2,2015,HHD,8,9999998
26,Kenworth,Tanker,2016,HHD,8,9999998
27,Kenworth,tanker,2016,HHD,8,9999998
28,Kenworth,Tanker,2016,HHD,8,9999998
29,Kenworth,tanker,2016,HHD,8,9999998
30,Ford,F250,2018,LHD,2,9999998
31,Ford,E-150,2016,DA,2,9999998
32,Ford,F150,2016,DA,2,9999998
33,TOYOTA,CAMRY,2016,DA,1,7900
34,Isuzu,NPR,2019,MHD,5,9999998
35,Chevrolet,3500 EXPRESS BOX TRUCK,2021,LHD,5,9999998
36,TOYOTA,Tacoma,2014,DA,2,7100
37,Hyundai,Santa Fe,2016,DA,1,5137
38,Chevrolet,SILVERADO,2021,DA,2,7100
39,Ford,E350,2016,LHD,3,8500
40,Ford,F650 FLATBED,2021,MHD,6,20500
41,Ford,F750,2021,MHD,5,37000
42,Chevrolet,2500 HD PICKUP,2004,LHD,2,10850
43,Ford,Bronco,2014,DA,1,4630
44,TOYOTA,Tacoma,2017,DA,2,5600
45,Ford,F150,2005,DA,2,7010
46,Kia,Solento ,2012,DA,1,5468
47,Volkswagen,BEETLE,2006,DA,1,9999998
48,Jeep,CHEROKEE,2015,DA,1,5900
49,Tesla,Model Y,2020,DA,1,4280
50,Ford,Mach-E,2021,DA,1,5011
51,Nissan,Rogue,2019,DA,1,4685
52,Lexus,NX,2022,DA,1,4900
53,MAZDA,TX3,2019,DA,1,3500
54,Ford,E250 ECONOLINE 2WD,2003,LHD,3,6500
55,Lexus,RX300,2000,DA,1,4950
56,TOYOTA,COROLLA,2014,DA,1,9999998
57,HONDA,Civic,2017,DA,1,2877
58,Ford,FIESTA,2016,DA,1,2700
59,Jeep,Commander,2007,DA,1,6500
60,Nissan,Altima,2009,DA,1,4482
61,Lexus,RX,2013,DA,1,4010
62,Ford,E250 ECONOLINE 2WD,2003,LHD,3,6980
63,HONDA,Fit,2011,DA,1,2568
64,Nissan,Rogue,2013,DA,1,4619
65,Hyundai,Kona,2020,DA,1,5200
66,Ford,F150,2014,DA,2,7010
67,TOYOTA,PRIUS,2011,DA,1,3000
68,Ford,F250,2014,LHD,2,12500
69,Ford,F250,2014,LHD,2,12500
70,Ford,F250,2016,LHD,2,12500
71,Ford,f150,2015,DA,2,7090
72,Ford,f150,2016,DA,2,7090
73,Ford,f150,2016,DA,2,7090
74,Ford,f150,2017,DA,2,7090
75,Ford,f150,2018,DA,2,7090
76,Ford,f150,2016,DA,2,7090
77,Ford,E-150,2017,DA,2,8600
78,Chevrolet,SILVERADO 2500 PU,2008,LHD,2,10850
79,Chevrolet,SILVERADO 2500 HD 2WD,2016,LHD,2,9050
80,Chevrolet,SILVERADO 2500 HD 2WD,2019,LHD,2,8000
81,Chevrolet,SILVERADO 2500 HD 2WD,2019,LHD,2,8000
82,Ford,Bronco,2006,DA,1,7010
83,Ford,F150 XL Super Cab,2006,DA,2,7010
84,Ford,F250 XL Super Cab,2008,LHD,2,7010
85,International,4400,2009,MHD,8,23500
86,Ford,F350 BOX TRUCK,2010,LHD,5,12500
87,Ford,F550 XL Reg Chassis Cab,2017,LHD,5,16001
88,Ford,F150 XL Super Cab,2018,DA,2,7010
89,Ford,F550 XL Reg Cab,2019,LHD,5,16001
90,Freightliner,108SD,2020,HHD,8,69000
91,Ford,F150 XL SC,2022,DA,2,7010
92,Volkswagen,Atlas,2018,DA,1,6019
93,Chevrolet,SILVERADO 1500,2002,DA,2,6700
94,Ford,Suburban,2006,DA,1,10000
95,Ford,F250 xlt,1997,LHD,2,10000
96,Ford,Suburban,2009,DA,1,12500
97,Ford,F-250,2020,LHD,2,10900
98,Chevrolet,2500,2018,LHD,2,8000
99,Chevrolet,2500,2019,LHD,2,8000
100,Chevrolet,2500,2013,LHD,2,8010
101,Chevrolet,3500 EXPRESS BOX TRUCK,2018,LHD,5,7000
102,Chevrolet,3500 EXPRESS BOX TRUCK,2015,LHD,5,11500
103,Ford,F750,2013,MHD,5,20500
104,Ford,F350 Flatbed,2017,LHD,5,12400
105,Freightliner,M2 DUMP TRUCK,2018,MHD,6,19800
106,Kenworth,T880,2019,HHD,6,55000
107,Ford,F750,2014,MHD,5,12600
108,MERCEDES BENZ,Metris ,2018,DA,3,12200
109,MAZDA,3,2015,DA,1,4299
110,Kia,SOUL,2016,DA,1,4023
111,TOYOTA,Avalon,2005,DA,1,5700
112,DODGE,RAM 1500,2008,DA,2,5800
113,Chevrolet,3500 EXPRESS BOX TRUCK,2016,LHD,5,10000
114,Ford,F450 BOX TRUCK ,2011,LHD,5,16500
115,Ford,F450 BOX TRUCK ,2011,LHD,5,16500
116,Tesla,Model S,2019,DA,1,4541
117,Tesla,X,2020,DA,1,6250
118,TOYOTA,Prius Prime,2017,DA,1,3040
119,Hyundai,KONA ELECTRIC,2020,DA,1,4762
120,Ford,F150 4WD BASE PAYLOAD LT TIRE,2020,DA,2,7000
121,Ford,F150 2.7L 2WD GVWR>6649 LBS PA,2014,DA,2,6700
122,Ford,F150 4WD BASE PAYLOAD LT TIRE,2004,DA,2,6950
123,Ford,F350 Box Truck ,2017,LHD,5,11500
124,HONDA,HR-V,2019,DA,1,3000
125,HONDA,Civic,2014,DA,1,2750
126,Nissan,Kicks,2020,DA,1,2700
127,MAZDA,CX-5,2020,DA,1,3720
128,Kenworth,T680,2020,HHD,8,110000
129,VOLVO,VNL 64T,2014,HHD,8,66000
130,Kenworth,T680,2020,HHD,8,110000
131,VOLVO,VNL 64T,2014,HHD,8,66000
132,Kenworth,T680,2020,HHD,8,110000
133,Kenworth,T680,2023,HHD,8,110000
134,Kenworth,T680,2019,HHD,8,110000
135,Kenworth,T680,2020,HHD,8,110000
136,Kenworth,T680,2020,HHD,8,110000
137,Kenworth,T680,2020,HHD,8,110000
138,Kia,SOUL,2016,DA,1,4023
139,Hyundai,KONA ELECTRIC,2020,DA,1,4762
140,Chevrolet,C6500 FLATBED,2015,MHD,5,21500
141,Chevrolet,C6500 FLATBED,2015,MHD,5,21500
142,Chevrolet,C6500 FLATBED,2015,MHD,5,21500
143,Chevrolet,SILVERADO 1500,2011,DA,2,10850
144,Chevrolet,SILVERADO 1500,2018,DA,2,10850
145,Chevrolet,Silverado ,2016,DA,2,10850
146,Chevrolet,1500,2015,DA,2,10850
147,Chevrolet,SILVERADO 1500 2WD,2016,DA,2,10850
148,Chevrolet,1500,2016,DA,2,10850
149,Chevrolet,SILVERADO 1500 4WD,2017,DA,2,10850
150,Chevrolet,1500,2018,DA,2,10850
151,Nissan,UD 2600,2011,MHD,5,12500
152,Nissan,Pathfinder,2012,DA,1,5410
153,HONDA,Crosstour,2015,DA,2,4938
154,TOYOTA,COROLLA,2016,DA,1,3000
155,Chevrolet,Spark,2013,DA,1,2350
156,Nissan,Sentra,2012,DA,1,3957
157,DODGE,RAM 1500,2021,DA,2,9000
158,TOYOTA,RAV4,2006,DA,1,4705
159,TOYOTA,HIGHLANDER,2008,DA,1,4100
160,Chevrolet,2500 HD PICKUP,2008,LHD,2,6000
161,DODGE,CALIBER,1999,DA,1,4400
162,Ford,F150 2.7L 4WD GVWR>6799 LBS PAYLOAD PACKAGE,2017,DA,2,7010
163,Ford,F-150 Heritage,2022,DA,2,7100
164,RAM,PRO MASTER,2019,LHD,3,4700
165,Ford,TRANSIT CONNECT,2019,DA,3,6780
166,Ford,TRANSIT,2006,LHD,3,10360
167,Hyundai,Santa Fe,2021,DA,1,5357
168,MAZDA,3,2019,DA,1,3419
169,Nissan,NV200,2015,DA,3,6012
170,Kia,SORENTO,2013,DA,1,5000
171,Nissan,Pathfinder,2018,DA,1,5986
172,Mitsubishi,Mirage,2008,DA,1,3108
173,TOYOTA,COROLLA,2014,DA,1,2955
174,Ford,F650 ROLLBACK,2018,MHD,8,7000
175,Ford,F150 2.7L 4WD GVWR>6799 LBS PAYLOAD PACKAGE,2009,DA,2,7020
176,Ford,F150,2019,DA,2,7010
177,Ford,F150,2018,DA,2,7090
178,Ford,F150,2014,DA,2,7010
179,Ford,F150,2020,DA,2,7040
180,Ford,F150,2020,DA,2,7010
181,Ford,F150,2019,DA,2,7900
182,Ford,F150,2018,DA,2,7120
183,Ford,F150,2019,DA,2,7000
184,TOYOTA,PRIUS,2011,DA,1,7090
185,Chevrolet,Tahoe,2019,DA,1,8200
186,Chevrolet,2500 HD,2008,LHD,2,10500
187,Jeep,CHEROKEE,2019,DA,1,6850
188,Ford,Bronco,2017,DA,1,12000
189,Chevrolet,SUBURBAN,2008,DA,1,8500
190,Chevrolet,1500,1992,DA,2,12500
191,Ford,Bronco,2013,DA,1,12000
192,Ford,150,2020,DA,2,7010
193,Ford,F550,2020,LHD,5,12500
194,Chevrolet,3500 EXPRESS BOX TRUCK,2009,LHD,5,12500
195,Ford,F450 BOX TRUCK ,2010,LHD,5,12500
196,Freightliner,Cascadia,2015,HHD,8,72500
197,Ford,EXPEDITION,2016,DA,1,12500
198,Ford,F150,2021,DA,2,7010
199,Ford,F150,2021,DA,2,7100
200,Ford,F150,2019,DA,2,7010
201,Ford,F450,2019,LHD,2,7010
202,Ford,F150,2020,DA,2,7010
203,Ford,F150,2020,DA,2,7010
204,Ford,F150 2.7L 2WD GVWR>6649 LBS,2018,DA,2,7000
205,Ford,F150 2.7L 2WD GVWR>6649 LBS PA,2019,DA,2,7020
206,Ford,F150,2020,DA,2,7000
207,Ford,F150,2020,DA,2,7000
208,Jeep,WRANGLER 4WD,2017,DA,1,7800
209,MAZDA,CX-09,2022,DA,1,5812
210,Ford,TRANSIT,2020,LHD,3,8200
211,Chevrolet,3500 EXPRESS BOX TRUCK,2004,LHD,5,12500
212,Freightliner,M2,2017,LHD,5,12500
213,Ford,E450 BOX TRUCK,1999,LHD,5,12500
214,Ford,F650 BOX TRUCK,2018,MHD,5,12500
215,Nissan,NV200,2015,DA,3,4772
216,TOYOTA,HIGHLANDER,2012,DA,1,7000
217,Ford,F150,2019,DA,2,7020
218,Chevrolet,Silverado ,2008,DA,2,8000
219,Chevrolet,1500,2011,DA,2,8100
220,Chevrolet,COLORADO,2012,DA,2,7000
221,TOYOTA,Tacoma,2016,DA,2,6900
222,Ford,Ranger ,2010,DA,2,6100
223,TOYOTA,Tacoma,2009,DA,2,7000
224,Ford,F150,2016,DA,2,7010
225,Chevrolet,SILVERADO,2007,DA,2,9000
226,HINO,263,2018,MHD,1,33000
227,HINO,263,2019,MHD,1,33000
228,MERCEDES BENZ,Sprinter,2021,LHD,1,9999998
229,Freightliner,P1000 Food Truck ,2015,LHD,5,13000
230,Chevrolet,3500 EXPRESS BOX TRUCK,2014,LHD,5,9800
231,Ford,F550 Ambulance ,2016,LHD,5,7010
232,Pierce,Quantum,2017,HHD,6,41000
233,Ford,F250,2014,LHD,2,5677
234,Pierce,Quantum,2018,HHD,6,41000
235,Freightliner,M2,2019,LHD,5,12500
236,Freightliner,M2,2019,LHD,5,12500
237,Ford,F150,2017,DA,2,8000
238,Ford,F250,2018,LHD,2,7700
239,Nissan,Frontier,2018,DA,2,4264
240,TOYOTA,Tacoma,2016,DA,2,7020
241,Ford,F-450 Super Duty,2017,LHD,5,12000
242,Ford,TRANSIT,2016,LHD,3,8500
243,Chevrolet,EXPRESS 3500 2WD CARGO,2007,LHD,3,6500
244,Chevrolet,Silverado 3500,2008,LHD,2,6000
245,DODGE,Hornet,2015,DA,1,6050
246,Nissan,Pathfinder,2011,DA,1,3890
247,Ford,EXPLORER,2010,DA,1,3470
248,Chevrolet,EQUINOX,2015,DA,1,5200
249,Chevrolet,COBALT,2006,DA,1,5988
250,Ford,TRANSIT,2015,LHD,3,11000
251,Ford,TRANSIT,2015,LHD,3,8500
252,HINO,238,2018,MHD,5,33000
253,HINO,Conventional Type Truck,2018,MHD,5,30000
254,DODGE,RAM 1500 PICKUP 4WD,2019,DA,3,5081
273,Chevrolet,3500 EXPRESS BOX TRUCK,1995,LHD,5,12500
274,MAZDA,CX-3,2019,DA,1,3850
275,Lincoln,Navigator,2013,DA,1,6000
276,Ford,F-150,2001,DA,2,4021
277,Ford,F150 2.7L 2WD GVWR>6649 LBS PAYLOAD PACKAGE,2004,DA,2,5000
278,Ford,F150,2006,DA,2,5002
279,Chevrolet,3500 EXPRESS BOX TRUCK,2005,LHD,5,5092
280,Chevrolet,3500 EXPRESS BOX TRUCK,2007,LHD,5,5092
281,International,DURASTAR,2019,HHD,8,44600
282,International,TerraStar,2012,HHD,8,58000
283,Ford,F-250 Super Duty,2016,LHD,2,6400
284,Ford,F-250 Super Duty,2016,LHD,2,9999998
285,Ford,EDGE,2013,DA,1,4300
286,Ford,F-350 XLT,1994,LHD,2,5220
287,Ford,RANGER XLT,1995,DA,2,3000
288,Ford,Ranger XLT,2001,DA,2,2900
289,HONDA,Passport,2019,DA,1,14500
290,HONDA,Passport,2020,DA,1,4500
291,HONDA,Passport,2020,DA,1,4500
292,HONDA,Passport,2019,DA,1,4500
293,DODGE,Sprinter,2018,LHD,3,5000
294,DODGE,Promaster Van,2019,LHD,3,5200
295,DODGE,Ram 5500 box,2020,LHD,5,56200
296,SMART CAR,For Two,2008,DA,1,9999998
297,Ford,TRANSIT,2010,LHD,3,7090
298,Ford,TRANSIT,2010,LHD,3,8500
299,Ford,TRANSIT,2010,LHD,3,8500
300,Ford,TRANSIT,2010,LHD,3,8500
301,Ford,TRANSIT,2010,LHD,3,8500
302,DODGE,Ram 3500,2007,LHD,2,7000
303,Ford,F350 BOX TRUCK,2000,LHD,5,12500
304,Land Rover,Discovery,2018,DA,1,7385
305,HINO,Stake Bed 16FT,2016,MHD,6,33000
306,International,Tractor and trailer,2019,HHD,8,80000
307,International,Tractor and trailer,2018,HHD,8,80000
308,HINO,24PT BOX,2020,MHD,5,33000
309,Ford,F650 ROLLBACK,2020,MHD,7,33000
310,Chevrolet,3500 HD,2015,LHD,2,6200
311,Ford,Cargo Van,2016,DA,3,6800
312,Ford,F-150 Crew Cab,2015,DA,2,7901
313,Ford,Bronco,2016,DA,1,6800
314,Ford,F-150,2020,DA,2,7901
315,Subaru,Crosstrek,2018,DA,1,3100
316,TOYOTA,SIENNA,2017,DA,3,3455
317,Volkswagen,TIGUAN,2017,DA,1,3500
318,Jeep,WRANGLER,2016,DA,1,4130
319,Ford,F250 PICKUP 2WD,2019,LHD,2,10000
320,Peterbilt,337,2008,MHD,7,33000
321,TOYOTA,RAV4,2020,DA,1,3900
322,Buick,Allure,2017,DA,1,3790
323,Tesla,MODEL X,2019,DA,1,5307
324,Lexus,ES,2015,DA,1,4740
325,Nissan,Frontier,2017,DA,2,4022
326,Jeep,GRAND CHEROKEE,2015,DA,1,3900
327,Jeep,CHEROKEE,2012,DA,1,6250
328,Ford,F-150,2000,DA,2,9999998
329,HINO,195,2020,MHD,5,26000
330,HINO,195,2020,MHD,5,26000
331,Ford,F350,2019,LHD,2,5940
332,Ford,Blazer,2007,DA,1,5940
333,Ford,Transit T Van,2017,DA,3,4800
334,Ford,E450 BOX TRUCK,2001,LHD,5,9500
335,Ford,1 ton,2001,MHD,2,14000
336,Ford,Cargo Van,2012,DA,3,5200
337,Ford,F-250,2019,LHD,2,5750
338,Ford,f 350,2017,LHD,2,5940
339,Ford,Blazer,2011,DA,1,5750
340,Ford,F350,2016,LHD,2,87802
341,Ford,F250,2002,LHD,2,5750
342,Ford,F350,2006,LHD,2,5750
343,TOYOTA,Tacoma,2017,DA,2,5600
344,Ford,F250,2022,LHD,2,7050
345,TOYOTA,CAMRY,2018,DA,1,3300
346,Freightliner,Cascadia,2009,HHD,8,60000
347,Freightliner,COLUMBIA day,2010,HHD,8,56000
348,HINO,500,2015,MHD,5,16000
349,Chevrolet,3500 EXPRESS BOX TRUCK,2012,LHD,5,16000
350,TOYOTA,Tacoma,2017,DA,2,5600
351,TOYOTA,Tacoma,2015,DA,2,6200
352,Ford,F250 super duty,2015,LHD,2,3400
353,RAM,City Wagon,2021,DA,3,3680
354,RAM,City Wagon,2021,DA,3,3680
355,Chevrolet,COLORADO,2021,DA,2,3986
356,Nissan,NV200,2021,DA,3,3280
357,Nissan,NV200,2021,DA,3,3280
358,Nissan,NV200,2021,DA,3,3280
359,Ford,Sprinter,2000,LHD,3,3200
360,Lexus,GX 460,2014,DA,1,5128
361,TOYOTA,COROLLA,2020,DA,1,3000
362,TOYOTA,COROLLA,2016,DA,1,3000
363,Ford,Cargo Van,2018,LHD,3,8600
364,Chevrolet,3500,2017,LHD,3,8900
365,Ford,TRANSIT CONNECT,2017,DA,3,7800
366,Ford,TRANSIT,2016,LHD,3,8600
367,Chevrolet,Tahoe,2018,DA,1,4900
368,Chevrolet,Blazer,2014,DA,1,4000
369,MERCEDES BENZ,splinter,2022,LHD,1,9999998
370,Chevrolet,EXPRESS 2500,2017,LHD,3,9999998
371,TOYOTA,COROLLA,2021,DA,1,9999998
372,Ford,F150,2018,DA,2,7050
373,Nissan,NV3500,2020,LHD,3,9999998
374,Chevrolet,Z71,2021,DA,2,9999998
375,Hyundai,ELANTRA,2018,DA,1,4800
376,Chevrolet,HD Single Cab PK,2022,DA,2,9999998
377,Chevrolet,HD 2500 Crew Cab PK,2021,LHD,2,9999998
378,Chevrolet,2500 Crew Cab PK,2022,LHD,2,9999998
379,Chevrolet,3500 PK,2020,LHD,2,9999998
380,Chevrolet,PK 1500 Crew Cab,2020,DA,2,9999998
381,Chevrolet,Express Van 3500,2020,LHD,3,9999998
382,BMW,X13,2020,DA,1,9999998
383,Lexus,IS,2021,DA,1,9999998
384,Lexus,RC,2022,DA,1,9999998
385,MERCEDES BENZ,GLC,2022,DA,1,9999998
386,TOYOTA,CAMRY,2021,DA,1,9999998
387,Chevrolet,SILVERADO 1500,2020,DA,2,9999998
388,Chevrolet,HD 2500 Crew,2022,LHD,2,9999998
389,Chevrolet,HD 2500 Crew,2022,LHD,2,9999998
390,Chevrolet,Tahoe,2013,DA,2,9999998
391,HINO,268 Tow,2011,MHD,5,25950
392,HINO,Tow,2010,MHD,5,25950
393,Nissan,Hino Tow,2008,MHD,5,22400
394,Nissan,Rogue Sport,2017,DA,1,4010
395,HINO,tow,2015,MHD,5,29050
396,TOYOTA,COROLLA,2018,DA,1,3040
397,GMC,SAVANA,2022,DA,3,9999998
398,GMC,SAVANA,2022,DA,3,6900
399,Ford,F-350 Super Duty,2015,LHD,2,9999998
400,Ford,F250,2020,LHD,2,9999998
401,Ford,E450 BOX TRUCK,2018,LHD,5,9999998
402,HONDA,ACCORD,2012,DA,1,3428
403,HONDA,Civic,2017,DA,1,3004
404,Subaru,OUTBACK,2016,DA,1,5026
405,Nissan,Versa,2014,DA,1,3605
406,Peterbilt,379,2008,HHD,8,80000
407,Peterbilt,379,2014,HHD,8,80000
408,Peterbilt,579 Daycab,2010,HHD,8,66000
409,Mitsubishi,140,2019,DA,1,4861
410,Isuzu,NPR EFI,2017,MHD,5,12000
411,Chevrolet,Promaster,2014,LHD,3,8900
412,TOYOTA,Tacoma,2016,DA,2,5600
413,Ford,Bronco,2014,DA,1,4988
414,Lexus,RX,2016,DA,1,4200
415,Ford,TRANSIT CONNECT,2013,DA,3,6800
416,Ford,E-150,2009,DA,3,8600
417,Ford,TRANSIT,2015,LHD,3,7200
418,GMC,TERRAIN,2018,DA,1,3500
419,Ford,F-150,2000,DA,2,9999998
420,TOYOTA,CAMRY,2015,DA,1,4625
421,Ford,F250,2016,LHD,2,10000
422,Chevrolet,1500,2017,DA,2,7090
423,Isuzu,NRR,2019,MHD,5,19500
424,Isuzu,NRR,2020,MHD,5,19500
425,Chevrolet,3500 STAKE TRUCK,2004,LHD,5,17950
426,Chevrolet,COLORADO,2015,DA,2,4000
427,TOYOTA,RAV4,2016,DA,1,5000
428,Chevrolet,SILVERADO 2500 2WD,2018,LHD,2,6500
429,Chevrolet,SILVERADO 2500 2WD,2016,LHD,2,6000
430,Chevrolet,SILVERADO 2500 2WD,2016,LHD,2,6000
431,Chevrolet,SUBURBAN,2022,DA,2,5000
432,Hyundai,Ioniq,2018,DA,2,9999998
433,Chevrolet,SILVERADO 2500 HD 2WD,2015,LHD,2,6000
434,Ford,F250,2011,LHD,2,6000
435,Chevrolet,SILVERADO 2500 HD 2WD,2006,LHD,2,6000
436,GMC,3500,2006,LHD,2,5000
437,Chevrolet,SILVERADO 2500 2WD,2007,LHD,2,6000
438,Peterbilt,389 Dump Truck,2013,HHD,2,9999998
439,Peterbilt,388 Dump Truck,2013,HHD,2,9999998
440,Chevrolet,3500,2014,LHD,2,6000
441,Ford,F250,2018,LHD,2,5000
442,Ford,F-550,2015,LHD,2,5000
443,Peterbilt,388 Dump Truck,2013,HHD,2,9999998
444,Peterbilt,388 Dump Truck,2013,HHD,2,9999998
445,Chevrolet,3500,2014,LHD,2,5000
446,Freightliner,m2,2020,HHD,6,80000
447,Ford,TRANSIT,2020,LHD,3,8670
448,Ford,F150,2013,DA,2,7050
449,Chevrolet,COLORADO,2022,DA,2,3986
450,Chevrolet,3500 EXPRESS BOX TRUCK,2018,LHD,5,9600
451,TOYOTA,COROLLA,2006,DA,1,3000
452,Chevrolet,3500 EXPRESS BOX TRUCK,2018,LHD,5,5500
453,Chevrolet,EXPRESS G3500 BOX TRUCK,2019,LHD,5,5380
454,Nissan,2300 Box,2017,DA,5,7700
455,Chevrolet,3500 EXPRESS BOX TRUCK,2020,LHD,5,9600
456,Volkswagen,TIGUAN,2018,DA,1,9999998
457,Ford,F-350,2021,LHD,2,12000
458,Ford,F-150,2021,DA,2,7901
459,Ford,RANGER,2022,DA,2,4145
460,Subaru,Ascent,2021,DA,3,3200
461,TOYOTA,SIENNA,2009,DA,3,3140
462,RAM,ProMaster City,2020,LHD,3,9350
463,RAM,ProMaster City,2020,LHD,3,9350
464,RAM,ProMaster City,2020,LHD,3,9350
465,RAM,ProMaster City,2020,LHD,3,9350
466,RAM,ProMaster City,2020,LHD,3,9350
467,RAM,ProMaster City,2020,LHD,3,9350
468,RAM,ProMaster City,2020,LHD,3,9350
469,RAM,ProMaster City,2020,LHD,3,9350
470,RAM,ProMaster City,2020,LHD,3,9350
471,RAM,ProMaster City,2020,LHD,3,9350
472,RAM,ProMaster City,2020,LHD,3,9350
473,RAM,ProMaster City,2020,LHD,3,9350
474,RAM,ProMaster City,2020,LHD,3,9350
475,RAM,ProMaster City,2020,LHD,3,9350
476,RAM,ProMaster City,2020,LHD,3,9350
477,RAM,ProMaster City,2020,LHD,3,9350
478,RAM,ProMaster City,2020,LHD,3,9350
479,RAM,ProMaster City,2020,LHD,3,9350
480,RAM,ProMaster City,2020,LHD,3,9350
481,RAM,ProMaster City,2020,LHD,3,9350
482,TOYOTA,TUNDRA,2021,DA,2,5170
483,TOYOTA,TUNDRA,2021,DA,2,5170
484,TOYOTA,TUNDRA,2021,DA,2,5180
485,TOYOTA,TUNDRA,2021,DA,2,5200
486,TOYOTA,TUNDRA,2021,DA,2,5170
487,TOYOTA,TUNDRA,2021,DA,2,5200
488,TOYOTA,TUNDRA,2021,DA,2,6170
489,TOYOTA,TUNDRA,2021,DA,2,5170
490,TOYOTA,TUNDRA,2021,DA,2,5600
491,TOYOTA,TUNDRA,2021,DA,2,5180
492,TOYOTA,PRIUS,2012,DA,1,9999998
493,Ford,ECONOLINE 250,2002,LHD,3,5000
494,Tesla,Model 3,2019,DA,1,3000
495,Ford,F550 STAKE TRUCK,2008,LHD,5,12500
496,DODGE,RAM,2010,LHD,2,9800
497,Ford,F250,2016,LHD,2,110000
498,Chevrolet,2500,2008,LHD,2,9400
499,Ford,F150,2007,DA,2,7010
500,TOYOTA,CAMRY HYBRID,2022,DA,1,3500
501,TOYOTA,CAMRY,2020,DA,1,9999998
502,Ford,RANGER,2005,DA,2,4000
503,TOYOTA,TACOMA 2WD,2017,DA,2,4000
504,Ford,RANGER 2WD,2008,DA,2,3000
505,Nissan,NV200 CARGO VAN,2017,DA,3,4751
506,HINO,195h,2016,MHD,8,33000
507,RANGE/LAND ROVER,RANGE ROVER,2015,DA,1,7605
508,Chevrolet,Tahoe,2009,DA,1,7400
509,TOYOTA,COROLLA,2020,DA,1,9999998
510,Nissan,Rogue,2021,DA,1,9999998
511,Ford,F150,2000,DA,2,9999998
512,Chevrolet,2500,2019,LHD,2,5000
513,Ford,F700,1977,MHD,5,17000
514,Ford,F650,2019,MHD,2,26000
515,Ford,F350,2001,LHD,2,10000
516,Ford,F350,2003,LHD,2,10000
517,Ford,F350,2000,LHD,2,10000
518,TOYOTA,Prius,2015,DA,1,2530
519,Peterbilt,357,2015,HHD,8,66000
520,Ford,F350,1999,LHD,2,10000
521,Ford,EXPEDITION,2004,DA,1,6800
522,Chevrolet,Express Van,2018,DA,3,5900
523,Chevrolet,EXPRESS,2017,DA,3,6000
524,Chevrolet,EXPRESS 3500,2012,LHD,3,5900
525,Chevrolet,Express Van,2019,DA,3,5800
526,Chevrolet,EXPRESS,2020,DA,3,6000
527,Chevrolet,EXPRESS,2015,DA,3,6000
528,Freightliner,Cascadia,2020,HHD,8,88000
529,Nissan,Frontier,2017,DA,2,7999
530,RAM,PROMASTER 1500,2022,DA,3,4600
531,Jaguar,X-Type 3.0,2004,DA,1,3747
532,Freightliner,Cascadia,2007,HHD,8,66000
533,Ford,F450 BOX TRUCK ,2014,LHD,5,12250
534,Chevrolet,3500 EXPRESS BOX TRUCK,2014,LHD,5,11500
535,Chevrolet,3500 EXPRESS BOX TRUCK,2012,LHD,5,12500
536,Ford,E-150,2014,DA,3,6800
537,TOYOTA,Tacoma,2011,DA,2,6200
538,Chevrolet,SUBURBAN,2012,DA,1,4600
539,DODGE,RAM,2013,DA,2,7000
540,DODGE, 3500 Express BOX TRUCK,2014,LHD,5,12000
541,Ford,F350 BOX TRUCK,2018,LHD,5,10500
542,Ford,F450 DUALLY,2015,LHD,5,11500
543,Chevrolet,Blazer,2015,DA,1,5800
544,International,4000,1992,HHD,8,44600
545,Nissan,NV200,2014,DA,3,8000
546,Nissan,NV200,2015,DA,3,7000
547,TOYOTA,PRIUS,2012,DA,1,3000
548,DODGE,Ram 1500 Tradesman,2016,DA,2,10000
549,Nissan,Titan XD,2017,DA,2,7010
550,Ford,Ranger XL,2008,DA,2,7000
551,Freightliner,Cascadia,2019,HHD,7,66000
552,SANYOU,28M Mounted Concrete Pumps,2018,MHD,6,17380
553,SANYOU,29M Mounted concrete pump,2000,MHD,6,17380
554,SANYOU,32M Mounted Concrete Pump,2002,MHD,6,17380
555,SANYOU,28M Mounted Concrete Pump,2020,MHD,6,17380
556,SANYOU,51M Mounted concrete pump,2018,MHD,7,17380
557,Chevrolet,3500 EXPRESS BOX TRUCK,2020,LHD,5,12000
558,Chevrolet,Silverado ,2017,DA,2,8010
559,GMC,Savanna Cargo,1998,LHD,3,9600
560,Ford,F450 Super Duty,2018,LHD,5,12000
561,Ford,TRANSIT CONNECT,2010,DA,3,6800
562,MERCEDES BENZ,Sprinter,2015,LHD,3,7200
563,MERCEDES BENZ,Sprinter,2016,LHD,3,8200
564,PONTIAC,Grand Prix,1998,DA,1,3870
565,Ford,F450 Flat,2018,LHD,5,12500
566,GMC,SIERRA,2017,DA,2,7010
567,TOYOTA,Tacoma,2016,DA,2,6820
568,HONDA,Crosstour,2018,DA,1,4938
569,Ford,F250,2016,LHD,2,10000
570,Ford,TRANSIT CONNECT,2016,DA,3,6800
571,MERCEDES BENZ,Sprinter,2017,LHD,3,6800
572,Ford,TRANSIT 250,2018,LHD,3,8200
573,Ford,Blazer,2007,DA,1,8700
574,Ford,E-150,2009,DA,3,7800
575,Chevrolet,2500HD,2019,LHD,2,15000
576,Chevrolet,Cargo Van,2018,DA,3,9999998
577,GMC,Sierra 2500HD,2018,LHD,2,15000
578,TOYOTA,Tacoma,2018,DA,2,9999998
579,Isuzu,Box ,2017,MHD,5,12500
580,TOYOTA,TACOMA 4WD,2019,DA,2,9999998
581,Chevrolet,2500 HD,2019,LHD,2,15000
582,Chevrolet,Malibu,2019,DA,1,9999998
583,Chevrolet,2500 HD PICKUP,2017,LHD,2,9999998
584,Chevrolet,3500,2016,LHD,2,9999998
585,Ford,F250,2018,LHD,2,9999998
586,Chevrolet,Cargo Van,2017,DA,3,9999998
587,Chevrolet,3500,2017,LHD,2,9999998
588,TOYOTA,TACOMA 2WD,2016,DA,2,9999998
589,Chevrolet,1500 SILVERADO,2016,DA,2,9999998
590,Chevrolet,1500,2016,DA,2,9999998
591,HINO,238,2015,MHD,5,12500
592,Chevrolet,Tahoe,2016,DA,1,6500
593,Chevrolet,City Express,2015,DA,3,6800
594,DODGE,RAM PROMASTER 1500,2021,DA,3,6800
595,Chevrolet,Tahoe,2015,DA,1,6063
596,Nissan,Rogue Select,2022,DA,1,4300
597,Subaru,Ascent,2017,DA,1,4200
598,DODGE,Nitro,2018,DA,1,5400
599,Freightliner,M2,2021,MHD,5,26000
600,Freightliner,M3,2021,MHD,5,28000
601,Peterbilt,PH348,2021,HHD,5,32000
602,Kenworth,T880,2023,HHD,5,39000
603,International,7600,2017,MHD,5,30000
604,International,7300,2016,HHD,5,39000
605,Ford,Ranger xl,2022,DA,2,7500
606,Ford,Ranger,2022,DA,2,6800
607,Ford,RANGER,2022,DA,2,6800
608,Ford,Ranger xl,2022,DA,2,6900
609,Freightliner,Cascadia,2011,HHD,8,80000
610,Freightliner,"New Cascadia 116"" Day cab",2014,HHD,8,80000
611,Ford,RANGER,2022,DA,2,6500
612,Freightliner,"New Cascadia 116"" Day cab",2020,HHD,8,66000
613,Ford,RANGER,2020,DA,2,6900
614,MAZDA,CX-9,2011,DA,1,3240
615,Ford,E350 BOX TRUCK,2009,LHD,5,12000
616,Peterbilt,200,2021,MHD,8,33000
617,Peterbilt,200,2020,MHD,8,30000
618,Peterbilt,310,2020,MHD,8,66000
619,Peterbilt,200,2018,MHD,8,42000
620,Peterbilt,310,2020,MHD,8,44000
621,Peterbilt,320,2020,MHD,8,30000
622,Peterbilt,310,2020,MHD,8,56000
623,Peterbilt,330,2021,MHD,8,30000
624,Peterbilt,330,2017,MHD,7,54000
625,Peterbilt,200,2021,MHD,8,30000
626,Peterbilt,310,2017,MHD,8,30000
627,Peterbilt,200,2020,MHD,8,66000
628,Peterbilt,310,2020,MHD,8,66000
629,Freightliner,m2,2008,HHD,5,33000
630,Ford,F450 Tow Truck,2007,LHD,5,12200
631,Ford,F450 Tow Truck ,2013,LHD,5,12500
632,Ford,F450 Tow Truck ,2008,LHD,5,12500
633,Freightliner,M2 Tow,2017,MHD,6,22000
634,Ford,F450 Tow Truck Wheel Lift ,2011,LHD,5,12500
635,Chevrolet,Tahoe,2019,DA,2,9999998
636,Ford,F-150,2000,DA,2,9999998
637,Ford,F-150,2000,DA,2,9999998
638,Ford,F-150,2000,DA,2,9999998
639,Ford,F-150,2000,DA,2,9999998
640,Ford,F-150,2000,DA,2,9999998
641,Ford,F-150,2000,DA,2,7010
642,Ford,F-150,2000,DA,2,7010
643,Ford,F-150,2000,DA,2,9999998
644,Ford,F-150,2000,DA,2,9999998
645,Ford,FUSION-2,2015,DA,1,4010
646,Vitacci,Falcon,2021,DA,1,300
647,Ford,TRANSIT,2014,LHD,3,7600
648,Chevrolet,Malibu,2015,DA,1,4500
649,Vitacci,Falcon,2022,DA,1,300
650,Ford,TRANSIT CONNECT,2018,DA,3,7000
651,Lincoln,MKZ,2017,DA,1,4010
652,Hyundai,Sonata,2018,DA,1,4016
653,Vitacci,Falcon,2022,DA,1,300
654,Vitacci,Falcon,2022,DA,1,300
655,Ford,F-150,2000,DA,2,9999998
656,Freightliner,Cascadia,2004,HHD,8,80000
657,Freightliner,COLUMBIA,2002,HHD,8,80000
658,Freightliner,"New Cascadia 116"" Sleepercab",2021,HHD,8,80000
659,Kenworth,TRACTOR,1997,HHD,8,66000
660,Freightliner,COLUMBIA,2000,HHD,8,80000
661,Freightliner,Columbia,2004,HHD,8,9999998
662,Freightliner,Cascadia,2003,HHD,8,9999998
663,Freightliner,Columbia,2002,HHD,8,9999998
664,Ford,F-150,2000,DA,2,9999998
665,Ford,F-150,2000,DA,2,9999998
666,Ford,F-150,2000,DA,2,7010
667,Ford,F-150,2000,DA,2,7010
668,Ford,F-150,2000,DA,2,7010
669,Ford,F-150,2000,DA,2,7010
670,Ford,F-150,2000,DA,2,9999998
671,Ford,F-150,2000,DA,2,9999998
672,Ford,F-150,2018,DA,2,7010
673,Ford,F450 BOX TRUCK,2015,LHD,5,12500
674,Ford,Cargo Van,2009,DA,3,7800
675,Ford,TRANSIT,2008,LHD,3,6800
676,TOYOTA,Tacoma,2012,DA,2,5200
677,Ford,F-650,2018,MHD,5,19000
678,Ford,F-550 Dually ,2017,LHD,5,19000
679,Ford,F-750,2018,MHD,6,37000
680,TOYOTA,Tundra,2010,DA,2,7375
681,DODGE,RAM,2007,LHD,2,11400
682,Jeep,GRAND CHEROKEE,2013,DA,1,6090
683,Nissan,Frontier,2018,DA,1,4253
684,MAZDA,3,2017,DA,1,2931
685,TOYOTA,COROLLA,2015,DA,1,2865
686,TOYOTA,COROLLA,2022,DA,1,3150
687,Ford,FUSION,2015,DA,1,4066
688,Ford,E350 BOX TRUCK,2018,LHD,1,12000
689,Ford,E350 BOX TRUCK,2020,LHD,3,5388
690,DODGE,Promaster Van,2018,LHD,3,4550
691,DODGE,Promaster Van,2015,LHD,3,4590
692,Chevrolet,SILVERADO,2021,DA,2,7300
693,GMC,SAVANA,2018,LHD,3,9900
694,Chevrolet,SILVERADO,2014,DA,2,7300
695,GMC,Canyon,2004,DA,2,7200
696,Ford,F150,2011,DA,2,6100
697,Chevrolet,Traverse,2016,DA,1,4362
698,Ford,F150,2017,DA,2,7010
699,Chevrolet,Suburban ,2018,DA,1,6900
700,Kenworth,Super 10 Dump,2015,MHD,6,22500
701,Ford,F150,2010,DA,2,7010
702,DODGE,RAM,2018,LHD,2,10000
703,Ford,F250,2017,LHD,2,10000
704,Nissan,Rogue,2017,DA,1,3500
705,TOYOTA,COROLLA,2006,DA,1,2900
706,DODGE,Dakota,2017,DA,2,6140
707,Chevrolet,Silverado Hybrid,2006,DA,2,9000
708,CHRYSLER,town & country,2007,DA,3,4652
709,Ford,TRANSIT,2017,LHD,3,10360
710,Chevrolet,Suburban ,2017,DA,1,5500
711,Ford,E-350,2020,LHD,3,10360
712,Ford,ECONOLINE 250,2017,LHD,3,9500
713,Ford,E350,2017,LHD,3,9500
714,Chevrolet,Traverse,2021,DA,1,6260
715,Chevrolet,Traverse,2020,DA,1,6160
716,DODGE,CARAVAN/GRAND CARAVAN 4WD,2018,DA,3,5500
717,Chevrolet,Traverse ,2019,DA,1,6160
718,Chevrolet,Traverse ,2021,DA,1,6160
719,DODGE,RAM 1500,2015,DA,2,9000
720,Ford,TRANSIT CONNECT,2019,LHD,3,10360
721,Ford,TRANSIT T-250,2018,LHD,3,10360
722,Ford,E300 VAN,2016,LHD,3,10360
723,Ford,E350 VAN,2020,LHD,3,10360
724,Ford,E-Series,2016,LHD,3,8900
725,Ford,E-Series Van,2020,LHD,3,9500
726,Ford,E-350,2020,LHD,3,9500
727,Chevrolet,Traverse ,2021,DA,1,6160
728,Chevrolet,Traverse ,2021,DA,1,6160
729,TOYOTA,SIENNA,2006,DA,1,4610
730,TOYOTA,SIENNA,2008,DA,1,4610
731,TOYOTA,SIENNA,2011,DA,1,4300
732,Nissan,Versa,2015,DA,1,2600
733,Nissan,Versa,2015,DA,1,2600
734,Nissan,NV200 CARGO VAN,2016,DA,3,2600
735,Ford,E350,2019,LHD,3,9500
736,Ford,E350,2019,LHD,3,9600
737,Ford,E350,2012,LHD,3,9600
738,Ford,E350,2014,LHD,3,9600
739,Chevrolet,SILVERADO,2021,DA,2,4950
740,Jeep,Compass,2015,DA,1,6900
741,Chevrolet,Traverse,2018,DA,1,6160
742,HONDA,CRV,2014,DA,1,5800
743,Chevrolet,SUBURBAN,2014,DA,1,6800
744,Chevrolet,Blazer,2015,DA,1,6200
745,Nissan,Maxima,2018,DA,1,5980
746,Cadillac,Escalade ESV,2017,DA,1,4900
747,Cadillac,DeVille,2019,DA,1,3900
748,Lincoln,Navigator,2016,DA,1,5870
749,Sprinter (Dodge or Freightliner),Sprinter,2019,LHD,3,8500
750,Chevrolet,SUBURBAN,2018,DA,1,6800
751,Chevrolet,Blazer,2011,DA,1,6600
752,Chevrolet,SILVERADO,2019,DA,2,8700
753,Ford,F350 BOX TRUCK,2011,LHD,5,12000
754,Chevrolet,Malibu,2012,DA,1,3900
755,Ford,Bronco,2018,DA,1,6800
756,Chevrolet,Tahoe,2017,DA,1,5800
757,DODGE,Ram,2016,DA,3,6800
758,DODGE,RAM PROMASTER 1500,2019,DA,3,6800
759,Chevrolet,Suburban,2008,DA,1,5900
760,HONDA,PILOT,2016,DA,1,4260
761,Nissan,Pathfinder,2019,DA,1,4200
762,TOYOTA,Camry,2009,DA,1,3100
763,Nissan,Maxima,2016,DA,1,3390
764,DODGE,Promaster Van,2018,LHD,3,6800
765,TOYOTA,Avalon,2020,DA,1,3420
766,Jeep,WRANGLER,2017,DA,1,4800
767,Freightliner,M 2106,2019,HHD,6,66000
768,Ford,TRANSIT 250,2000,LHD,3,8900
769,Freightliner,m 2106,2012,HHD,6,66000
770,Ford,TRANSIT,2010,LHD,3,6900
771,Ford,ECONOLINE,2008,DA,3,7800
772,Ford,TRANSIT,2016,LHD,3,6900
773,Ford,F250,2017,LHD,2,10000
774,Chevrolet,Blazer,2015,DA,1,6200
775,Ford,Bronco,2009,DA,1,5100
776,DODGE,DURANGO,2014,DA,1,7000
777,Ford,EXPLORER,2019,DA,1,6340
778,Ford,TRANSIT,2017,LHD,3,6800
779,Chevrolet,Traverse,2016,DA,1,6700
780,Ford,Focus,1999,DA,1,4800
781,GMC,Acadia ,2002,DA,1,7000
782,Ford,RANGER,2012,DA,2,7100
783,TOYOTA,TUNDRA,2016,DA,2,7300
784,Ford,F150,2014,DA,2,7010
785,Nissan,Pathfinder,2012,DA,1,6100
786,Ford,FUSION-2,2016,DA,1,3860
787,Ford,F150,2018,DA,2,7010
788,Chevrolet,Tahoe,2018,DA,1,6800
789,Ford,Bronco,2017,DA,1,5700
790,Ford,RANGER,2016,DA,2,7000
791,Chevrolet,Blazer,2019,DA,1,10000
792,Nissan,Pathfinder,2008,DA,1,6800
793,Nissan,Pathfinder,2011,DA,1,6500
794,TOYOTA,Hylander,2008,DA,1,7800
795,Nissan,Pathfinder,2016,DA,1,7000
796,Chevrolet,HHR,2011,DA,1,5800
797,Ford,EDGE,2013,DA,1,6700
798,Ford,Edge,2017,DA,1,6700
799,Ford,EDGE,2015,DA,1,5270
800,Ford,EDGE,2014,DA,1,6700
801,Chevrolet,Blazer,2008,DA,1,5300
802,Ford,EDGE,2014,DA,1,5280
803,Buick,REGAL,2014,DA,1,3692
804,Chevrolet,Malibu,2018,DA,1,4933
805,Chevrolet,HHR,2015,DA,1,4240
806,Chevrolet,HHR,2017,DA,1,4240
807,HONDA,PILOT,2009,DA,1,5600
808,Chevrolet,HHR,2010,DA,1,4240
809,Tesla,Model 3,2018,DA,1,5072
810,Ford,TRANSIT,2016,LHD,3,10360
811,Ford,CUTAWAY,2019,LHD,3,10050
812,Ford,E350 Cut Away,2022,LHD,3,10500
813,Nissan,NV200 CARGO VAN,2015,DA,3,9800
814,DODGE,RAM PRO MASTER,2018,LHD,3,9800
815,Ford,TRANSIT,2015,LHD,3,8900
816,Ford,TRANSIT,2015,LHD,3,10500
817,Ford,Connect ,2022,LHD,3,8500
818,Ford,E350 BOX TRUCK,2010,LHD,5,12000
819,Ford,Cargo Van,2014,DA,3,8000
820,Chevrolet,IMPALA,2015,DA,1,4200
821,Ford,FOCUS,2019,DA,1,3200
822,Chevrolet,Tahoe,2009,DA,1,4200
823,Nissan,Pathfinder,2011,DA,1,3340
824,Ford,F450 BOX TRUCK ,2014,LHD,5,12200
825,Chevrolet,SUBURBAN,2016,DA,1,4200
826,Chevrolet,Silverado 3500HD,2019,LHD,2,9700
827,Ford,E350 VAN,2017,LHD,3,8200
828,Ford,E350,2006,LHD,3,8000
829,Ford,E350 VAN,2012,LHD,3,8600
830,Ford,E350 VAN,2016,LHD,3,8600
831,GMC,SIERRA,2015,DA,2,4600
832,Chevrolet,E3500,2005,LHD,3,9200
833,Ford,F-550,2021,LHD,2,5000
834,Ford,F-550,2021,LHD,2,5000
835,Chevrolet,2500 HD,2004,LHD,2,6000
836,Ford,F150,2015,DA,2,5000
837,Ford,Aerial Bucket Van,2010,MHD,3,26000
838,Ford,F-550,2020,LHD,2,5000
839,Freightliner,26 ft Flatbad ,2014,HHD,5,33000
840,Ford,E350 VAN,2011,LHD,3,5600
841,Ford,F-450 Bucket ,2013,LHD,5,7000
842,Freightliner,M2 DUMP TRUCK,2014,HHD,6,80000
843,Ford,TRANSIT 250,2016,LHD,3,5600
844,Ford,F550,2017,LHD,5,19500
845,Hyundai,Sante Fe Sport,2017,DA,1,3000
846,DODGE,RAM 1500,2017,DA,2,5000
847,Ford,E350 Bucket Boom Truck ,2014,LHD,5,19000
848,Ford,F-750 Dump Truck,2011,MHD,5,33000
849,Freightliner,M2 160,2018,HHD,5,66000
850,Ford,F-150,2013,DA,2,5000
851,Chevrolet,3500 CUBE VAN,2007,LHD,3,88600
852,Ford,TRANSIT,2016,LHD,3,7600
853,Ford,Cargo Van,2008,LHD,3,8900
854,DODGE,DURANGO,2012,DA,1,6800
855,Nissan,Pathfinder,2017,DA,1,6010
856,TOYOTA,4RUNNER,2015,DA,3,7100
857,TOYOTA,Corolla,2019,DA,1,2850
858,Ford,F250,2019,LHD,2,10000
859,BMW,xs wagon,2017,DA,1,4077
860,Hyundai,Sonata,2010,DA,1,5200
861,BMW,xs wagon,2016,DA,1,4700
862,DODGE,RAM,2006,LHD,2,10000
863,Ford,E350 VAN FFV,2010,LHD,3,8500
864,Ford,EXPEDITION,2014,DA,1,4010
865,Chevrolet,3500,2020,LHD,2,10750
866,Buick,LeSabre,2008,DA,1,3800
867,DODGE,Charger,2018,DA,1,3160
868,TOYOTA,RAV4,2006,DA,1,4012
869,Ford,F550 STAKE BED,2008,LHD,5,26001
870,Ford,F550 STAKE TRUCK,2021,LHD,5,12500
871,Chevrolet,2500,2016,LHD,2,8600
872,Freightliner,M2 DUMP TRUCK,2019,MHD,5,22000
873,Chevrolet,SUBURBAN,2016,DA,1,7600
874,Ford,F550 STAKE TRUCK,2019,LHD,5,12500
875,Chevrolet,SUBURBAN,2022,DA,1,8600
876,Chevrolet,TAHOE 1500 4WD,2019,DA,1,6800
877,Chevrolet,Tahoe,2020,DA,1,6800
878,Chevrolet,Tahoe,2015,DA,1,169881
879,Chevrolet,SILVERADO,2017,DA,2,7600
880,Chevrolet,1500 SILVERADO,2021,DA,2,7090
881,Chevrolet,SILVERADO 2500 HD 2WD,2016,LHD,2,8600
882,DODGE,Ram 5500 Bucket,2019,LHD,5,16000
883,DODGE,RAM 5500,2017,LHD,5,16500
884,Chevrolet,3500 STAKE TRUCK,2019,LHD,5,12500
885,Chevrolet,3500 STAKE TRUCK,2016,LHD,5,12500
886,Chevrolet,1500 SILVERADO,2019,DA,2,7900
887,Chevrolet,1500 PU,2022,DA,2,7600
888,Chevrolet,TAHOE 1500 4WD,2014,DA,1,6900
889,Peterbilt,SEMI-TRUCK,2012,HHD,8,66000
890,Peterbilt,579,2011,HHD,8,60000
891,Peterbilt,567,2001,HHD,8,72000
892,Ford,FUSION,2018,DA,1,5600
893,Ford,Bronco,2000,DA,1,6800
894,Chevrolet,CAVALIER,2015,DA,1,6000
895,TOYOTA,COROLLA,2007,DA,1,2850
896,Nissan,Versa,2012,DA,1,3461
897,TOYOTA,COROLLA,2004,DA,1,2850
898,TOYOTA,COROLLA,2006,DA,1,2860
899,TOYOTA,COROLLA,2006,DA,1,2850
900,TOYOTA,Corolla,2003,DA,1,2850
901,TOYOTA,COROLLA,2006,DA,1,2850
902,Subaru,Ascent,2008,DA,1,2800
903,Ford,EDGE,2012,DA,1,6100
904,Ford,EDGE,2016,DA,1,5800
905,Ford,EDGE,2018,DA,1,6000
906,Subaru,OUTBACK,2014,DA,1,5800
907,Subaru,outback,2018,DA,1,5800
908,Cadillac,ESCALADE,2018,DA,1,6940
909,DODGE,Sprinter,2016,LHD,3,6800
910,Cadillac,XTS,2017,DA,1,5870
911,Sprinter (Dodge or Freightliner),Sprinter,2019,LHD,3,8550
912,Lincoln,TOWNCAR STRETCH LIMO,2018,DA,1,8600
913,Cadillac,Stretch Limousine,2019,DA,1,8600
914,HONDA,RDX,2019,DA,1,3900
915,Jeep,WRANGLER JK,2010,DA,1,3840
916,Peterbilt,579,2016,HHD,8,66000
917,Kenworth,T680,2018,HHD,8,66000
918,Kenworth,T680,2017,HHD,8,80000
919,Chevrolet,2500 HD PICKUP,2016,LHD,2,6418
920,Chevrolet,SILVERADO 2500 HD 2WD,2020,LHD,2,6418
921,Ford,TRANSIT CONNECT VAN,2020,DA,3,5100
922,Ford,TRANSIT 150,2018,DA,3,5100
923,Ford,TRANSIT 150,2019,DA,3,5100
924,Ford,TRANSIT 150,2011,DA,3,5100
925,Ford,TRANSIT 150,2013,DA,3,5100
926,Ford,TRANSIT 150,2013,DA,3,5100
927,Ford,TRANSIT CONNECT,2016,DA,3,5100
928,Scion,TC,2011,DA,1,3036
929,TOYOTA,PRIUS,2017,DA,1,3010
930,TOYOTA,PRIUS,2018,DA,1,3375
931,Nissan,Xterra,2008,DA,1,5600
932,TOYOTA,CAMRY,2016,DA,1,3300
933,Buick,ENCLAVE,2015,DA,1,4189
934,Chevrolet,SUBURBAN,2016,DA,1,7600
935,Chevrolet,SUBURBAN,2018,DA,1,6800
936,Chevrolet,SUBURBAN,2017,DA,1,6800
937,Chevrolet,Suburban,2017,DA,1,6800
938,Nissan,Pathfinder,2013,DA,1,4507
939,Ford,EXPLORER,2017,DA,1,4100
940,Jeep,PATRIOT,2018,DA,1,6540
941,Chevrolet,Blazer,2018,DA,1,6001
942,Hummer,Alpha 1,2018,LHD,1,110300
943,HONDA,Element,2010,DA,1,4600
944,HONDA,Civic,2009,DA,1,3077
945,Chevrolet,Sierra,2015,DA,2,7900
946,INFINITI,Q50,2020,DA,1,4300
947,Chevrolet,2500 HD PICKUP,2009,LHD,2,8090
948,Chevrolet,HHR,2010,DA,1,4700
949,HINO,Club Box,2020,MHD,5,23000
950,Isuzu,FB Dump,1991,MHD,5,19500
951,Nissan,Leaf,2018,DA,1,4508
952,Tesla,Model Y,2020,DA,1,5302
953,HONDA,ACCORD,2016,DA,1,3600
954,Nissan,Versa,2018,DA,1,3600
955,Nissan,Versa,2018,DA,1,2600
956,Nissan,Versa,2019,DA,1,2600
957,Nissan,Versa ,2019,DA,1,2650
958,Nissan,Versa,2019,DA,1,2600
959,Nissan,Versa,2017,DA,1,3600
960,Nissan,Versa,2016,DA,1,3600
961,Kenworth,T680,2016,HHD,8,66000
962,Ford,F550,2015,LHD,5,19500
963,Chevrolet,Tahoe,2018,DA,1,6800
964,Chevrolet,Blazer,2012,DA,1,4260
965,Chevrolet,3500 EXPRESS BOX TRUCK,2015,LHD,5,10000
966,Freightliner,COLUMBIA 120 Day,2011,HHD,8,60000
967,Ford,Ranger,2010,DA,2,6600
968,Chevrolet,3500 EXPRESS BOX TRUCK,2018,LHD,5,10000
969,Ford,F550,2017,LHD,5,12200
970,Chevrolet,Colorado,2020,DA,2,7200
971,Chevrolet,EXPRESS 1500,2012,DA,3,7000
972,Chevrolet,3500 EXPRESS BOX TRUCK,2016,LHD,5,12000
973,Freightliner,Cascadia,2019,HHD,8,52000
974,Freightliner,Cascadia,2018,HHD,8,52000
975,Freightliner,Cascadia,2017,HHD,8,52000
976,Freightliner,Cascadia,2019,HHD,8,52000
977,Freightliner,CASCADIA SLEEPER,2018,HHD,8,52000
978,Freightliner,FLD120,2018,HHD,8,66000
979,Freightliner,CST120,2010,HHD,8,33000
980,Freightliner,CST120,2009,HHD,8,33000
981,TOYOTA,Prius,2004,DA,1,3795
982,Ford,E-250,2019,LHD,3,5230
983,Ford,E-250,2017,LHD,3,5130
984,Ford,E-250,2019,LHD,3,5300
985,Ford,E-250,2021,LHD,3,5300
986,Ford,E-250,2021,LHD,3,5350
987,Ford,E-250,2017,LHD,3,5300
988,Ford,E-250,2019,LHD,3,5200
989,Ford,EXPLORER,2014,DA,1,4200
990,Chevrolet,CRUZE,2016,DA,1,4200
991,TOYOTA,CAMRY,2018,DA,1,3200
992,Ford,F-150,2015,DA,2,4100
993,TOYOTA,RAV4,2018,DA,1,4170
994,Nissan,Sentra,2014,DA,1,3441
995,HONDA,Civic,2020,DA,1,2877
996,Ford,E-250,2018,LHD,3,5300
997,Ford,TRANSIT,2015,LHD,3,8600
998,Ford,E-250,2017,LHD,3,8600
999,DODGE,Hornet,2019,DA,1,8900
1000,DODGE,Durango,2015,DA,1,6800
1001,TOYOTA,RAV4,2017,DA,1,4800
1002,TOYOTA,Prius C,2017,DA,1,3010
1003,Jeep,WRANGLER,2015,DA,1,3879
1004,DODGE,RAM 4500,2016,LHD,5,28500
1005,DODGE,RAM 2500,2019,LHD,2,9800
1006,Kenworth,t370,2016,MHD,5,26001
1007,Kenworth,19,2019,MHD,5,26001
1008,Kenworth,21,2019,MHD,5,26001
1009,Lincoln,MKC,2019,DA,1,5800
1010,Cadillac,ESCALADE,2018,DA,1,7400
1011,Cadillac,DeVille,2016,DA,1,3800
1012,Lincoln,Town Car,2018,DA,1,3850
1013,Chevrolet,SUBURBAN,2002,DA,1,6700
1014,Cadillac,XTS,2013,DA,1,5346
1015,Lincoln,MKX,2017,DA,1,4210
1016,Lincoln,MKX,2020,DA,1,5346
1017,MERCEDES BENZ,E,2018,DA,1,5324
1018,MERCEDES BENZ,E,2018,DA,1,5324
1019,Cadillac,ESCALADE,2020,DA,1,7450
1020,DODGE,DURANGO,2021,DA,1,6500
1021,DODGE,Durango,2019,DA,1,7100
1022,Nissan,NV200 CARGO VAN,2021,DA,3,3282
1023,GMC,SIERRA,2022,DA,2,7080
1024,Chevrolet,SILVERADO,2012,DA,2,8200
1025,Chevrolet,SILVERADO,2013,DA,2,7090
1026,Chevrolet,SILVERADO,2009,DA,2,8200
1027,Lincoln,Navigator,2017,DA,1,5890
1028,Ford,E-150,2019,DA,3,6000
1029,Ford,TRANSIT,2008,LHD,3,6800
1030,DODGE,CARAVAN,2003,DA,3,5400
1031,Ford,TRANSIT CONNECT,2016,DA,3,6800
1032,Ford,TRANSIT,2019,LHD,3,8600
1033,Freightliner,Cascadia,2018,HHD,8,33000
1034,Freightliner,Cascadia,2019,HHD,8,33000
1035,Freightliner,Cascadia,2019,HHD,8,33000
1036,Freightliner,CST120,2010,HHD,8,58000
1037,HONDA,Civic,2019,DA,1,3010
1038,Ford,Cargo Van,2014,LHD,3,8900
1039,Nissan,Quest,2016,DA,3,4210
1040,Kenworth,T680,2018,HHD,8,52500
1041,Kenworth,T680,2018,HHD,8,52500
1042,Kenworth,T680,2020,HHD,8,52500
1043,Kenworth,T680,2018,HHD,8,52500
1044,Kenworth,T680,2017,HHD,8,52500
1045,Kenworth,T680,2020,HHD,8,52575
1046,Kenworth,T680,2019,HHD,8,9999998
1047,Kenworth,T680,2020,HHD,8,52000
1048,Kenworth,T680,2020,HHD,8,52525
1049,Kenworth,T680,2020,HHD,8,52500
1050,Kenworth,T680,2019,HHD,8,52500
1051,Kenworth,T-800,2014,HHD,8,56000
1052,Peterbilt,TRACTOR,2017,HHD,8,78000
1053,Peterbilt,579,2016,HHD,8,59000
1054,Peterbilt,579,2008,HHD,8,60000
1055,VOLVO,VNL,2008,HHD,8,68000
1056,MACK,PINNACLE,2006,HHD,8,63000
1057,DODGE,Grand Caravan,2020,DA,1,3710
1058,Hyundai,Santa Fe,2018,DA,1,3880
1059,TOYOTA,CAMRY,2019,DA,1,3200
1060,Ford,TRANSIT CONNECT,2014,DA,3,6900
1061,Nissan,Pathfinder,2021,DA,1,3400
1062,TOYOTA,PRIUS,2018,DA,1,3400
1063,TOYOTA,PRIUS,2020,DA,1,3010
1064,TOYOTA,CAMRY,2018,DA,1,3200
1065,Ford,Escort,2016,DA,1,3740
1066,Chevrolet,COBALT,2020,DA,1,2681
1067,Chevrolet,COBALT,2018,DA,1,2681
1068,Chevrolet,EQUINOX,2017,DA,1,4630
1069,Chevrolet,Traverse,2019,DA,1,6160
1070,Chevrolet,Blazer,2020,DA,1,6001
1071,HONDA,CRV,2017,DA,1,3100
1072,Hyundai,SANTA FE,2020,DA,1,4810
1073,CHRYSLER,PACIFICA,2014,DA,1,6800
1074,DODGE,DURANGO,2013,DA,1,6500
1075,Freightliner,Cascadia,2007,HHD,8,66000
1076,Ford,F150,2020,DA,2,7010
1077,Ford,TRANSIT,2018,LHD,3,6800
1078,Chevrolet,EXPRESS 1500 2WD CARGO,2018,DA,3,8600
1079,Nissan,Frontier,2017,DA,2,5890
1080,Ford,TRANSIT CONNECT,2019,DA,3,6800
1081,Chevrolet,EXPRESS 3500 2WD CARGO,2017,LHD,3,8600
1082,Ford,TRANSIT,2017,LHD,3,6700
1083,Ford,TRANSIT,2016,LHD,3,6900
1084,DODGE,Promaster Van,2019,LHD,3,8700
1085,HONDA,PILOT,2017,DA,1,5900
1086,Ford,F450 BOX TRUCK,2015,LHD,5,12500
1087,MACK,Anthem,2010,HHD,6,33000
1088,Isuzu,BOX VAN,2016,MHD,6,15800
1089,Mitsubishi,Mirage,2020,DA,1,3600
1090,TOYOTA,Camry,2018,DA,1,3400
1091,Nissan,Pathfinder,2017,DA,1,5700
1092,Chevrolet,3500,2015,LHD,3,5432
1093,Chevrolet,EXPRESS,2020,DA,3,3500
1094,Kia,SPORTAGE,2005,DA,1,3344
1095,TOYOTA,RAV4,2014,DA,1,6250
1096,Nissan,VERSA,2010,DA,1,3605
1097,Freightliner,Cascadia,2018,HHD,8,66000
1098,Freightliner,CASCADIA SLEEPER,2012,HHD,8,88000
1099,Ford,Bronco,2015,DA,1,4680
1100,Ford,Bronco,2010,DA,1,5800
1101,Ford,F150,2019,DA,2,7010
1102,Chevrolet,Blazer,2018,DA,1,8100
1103,Ford,F250,2012,LHD,2,10000
1104,Chevrolet,1500,2018,DA,2,8200
1105,Ford,TRANSIT,2017,LHD,3,6900
1106,Ford,Escape,2006,DA,1,4300
1107,Chevrolet,EXPRESS,2016,LHD,3,8600
1108,Ford,ECONOLINE 150,2022,DA,3,6900
1109,Ford,Cargo Van,2021,DA,3,6800
1110,Nissan,NV200 CARGO VAN,2017,DA,3,7500
1111,Kenworth,Cascadia,2009,HHD,8,66000
1112,International,9100,2011,HHD,8,58000
1113,Ford,F450 BOX TRUCK ,2018,LHD,5,8000
1114,Ford,E350 VAN,2019,LHD,3,8000
1115,Ford,E350 BOX TRUCK,2020,LHD,5,12500
1116,Mitsubishi,Outlander,2019,DA,1,4300
1117,Ford,ESCAPE,2014,DA,1,3300
1118,Ford,F250,2017,LHD,2,10000
1119,Ford,F250,2020,LHD,2,10000
1120,Ford,F150,2020,DA,2,7010
1121,Ford,F250,2012,LHD,2,10000
1122,Mitsubishi,Raider,2019,DA,2,7200
1123,Mitsubishi,Raider,2020,DA,2,8200
1124,Ford,F250,2019,LHD,2,10000
1125,Ford,150,2018,DA,2,7010
1126,Ford,F150,2022,DA,2,7010
1127,Ford,F250,2020,LHD,2,10000
1128,Ford,E350 VAN,2020,LHD,3,8600
1129,Ford,EXPLORER,2020,DA,1,5800
1130,Ford,EXPEDITION,2019,DA,1,6900
1131,Ford,F250,2020,LHD,2,10000
1132,HONDA,ACCORD,2014,DA,1,2900
1133,Hyundai,Sonata,2015,DA,1,3150
1134,HONDA,Civic Del Sol,2017,DA,1,4800
1135,Ford,Escape,2016,DA,1,4800
1136,CHRYSLER,Crossfire,2008,DA,1,6200
1137,Ford,EDGE,2021,DA,1,3959
1138,Ford,EDGE,2020,DA,1,3959
1139,Ford,EDGE,2016,DA,1,3800
1140,Ford,FOCUS,2018,DA,1,4600
1141,TOYOTA,Camry Hybrid,2017,DA,1,4200
1142,Freightliner,CORONADO,2009,HHD,8,52000
1143,Chevrolet,HHR,2016,DA,1,5800
1144,Ford,C-Max Energi,2015,DA,1,3607
1145,Hyundai,SONATA,2006,DA,1,4000
1146,Ford,F 650,2013,MHD,5,26000
1147,DODGE,DURANGO,2011,DA,1,4690
1148,Ford,RANGER,2017,DA,2,6000
1149,Ford,express,2018,DA,3,6800
1150,Ford,express,2018,DA,3,6800
1151,Ford,express,2018,DA,3,6800
1152,Ford,Express,2018,DA,3,6800
1153,Ford,Express,2018,DA,3,6800
1154,Ford,Express,2018,DA,3,6800
1155,Ford,F-150,2018,DA,2,7100
1156,Ford,Express,2018,DA,3,6800
1157,TOYOTA,TUNDRA,2016,DA,2,7600
1158,TOYOTA,RAV4,2014,DA,1,3800
1159,DODGE,Charger,2015,DA,1,3850
1160,Lexus,IS 350,2007,DA,1,3650
1161,TOYOTA,4RUNNER,2017,DA,1,4788
1162,Chevrolet,SILVERADO,2016,DA,2,5420
1163,Chevrolet,SILVERADO,2017,DA,2,5400
1164,Chevrolet,SILVERADO,2015,DA,2,5400
1165,Chevrolet,SILVERADO,2018,DA,2,5400
1166,Chevrolet,SILVERADO,2018,DA,2,5400
1167,GMC,SAVANA 1500 2WD (CARGO),2015,DA,6,10000
1168,CHRYSLER,300,2014,DA,1,5100
1169,HONDA,ACCORD,2017,DA,1,3820
1170,Subaru,Tribeca,2010,DA,1,4520
1171,Ford,Bronco,2018,DA,1,4200
1172,Ford,TRANSIT,2020,LHD,3,4200
1173,Ford,TRANSIT CONNECT,2018,DA,3,4250
1174,Ford,F-150,2020,DA,2,3700
1175,Ford,F-150,2018,DA,2,3500
1176,Ford,TRANSIT CONNECT,2021,DA,3,4500
1177,Tesla,Model Y,2022,DA,1,4416
1178,Ford,Bronco,2016,DA,1,6200
1179,TOYOTA,SIENNA,2020,DA,1,4600
1180,Chevrolet,Blazer,2020,DA,1,4078
1181,DODGE,CARAVAN,2019,DA,3,4510
1182,Ford,TRANSIT,2022,LHD,3,5200
1183,Ford,F-150,2019,DA,2,5470
1184,TOYOTA,SIENNA,2022,DA,1,4625
1185,TOYOTA,SIENNA,2022,DA,1,4625
1186,Ford,TRANSIT,2022,LHD,3,5200
1187,DODGE,CARAVAN,2019,DA,3,4510
1188,TOYOTA,SIENNA,2022,DA,1,4625
1189,TOYOTA,SIENNA,2022,DA,1,4625
1190,TOYOTA,SIENNA,2020,DA,1,4605
1191,TOYOTA,SIENNA,2020,DA,1,4605
1192,TOYOTA,SIENNA,2022,DA,1,4625
1193,Nissan,Altima,2021,DA,1,3399
1194,TOYOTA,SIENNA 2WD,2020,DA,1,4605
1195,TOYOTA,SIENNA,2020,DA,1,4605
1196,TOYOTA,SIENNA,2016,DA,1,5900
1197,Chevrolet,Malibu,2016,DA,1,5100
1198,TOYOTA,Camry Hybrid,2016,DA,1,4900
1199,Chevrolet,Tahoe,2015,DA,1,6800
1200,Chevrolet,HHR,2016,DA,1,6800
1201,Chevrolet,HHR,2015,DA,1,6800
1202,Chevrolet,HHR,2015,DA,1,6800
1203,DODGE,Hornet,2018,DA,1,4960
1204,DODGE,Malibu,2019,DA,1,3126
1205,Ford,EXPLORER,2016,DA,1,7000
1206,CHRYSLER,Aspen,2011,DA,1,5800
1207,TOYOTA,Highlander Hybrid,2018,DA,1,5900
1208,TOYOTA,Avalon Hybrid,2017,DA,1,7000
1209,INFINITI,QX,2022,DA,1,4393
1210,HONDA,PILOT,2021,DA,1,4070
1211,Nissan,Altima,2021,DA,1,3296
1212,HONDA,CRV,2022,DA,1,3455
1213,Ford,F150 5.0L 2WD FFV GVWR>7599 LB,2008,DA,2,7010
1214,Ford,F550 SUPER DUTY,2009,LHD,5,12500
1216,Ford,EXPLORER,2015,DA,1,5820
1217,Chevrolet,SILVERADO 1500,2013,DA,2,8700
1218,Chevrolet,COLORADO,2017,DA,2,7090
1219,Ford,F250,2017,LHD,2,10000
1220,Ford,TRANSIT 250,2015,LHD,3,4866
1221,Ford,F-550,2020,LHD,2,15000
1222,Ford,F-550,2011,LHD,2,15000
1223,Ford,F-550,2016,LHD,2,7010
1224,Freightliner,Arcadia,2013,HHD,8,33000
1225,Freightliner,Arcadia,2013,HHD,8,33000
1226,DODGE,RAM 1500 PICKUP 2WD,2017,DA,2,3150
1227,Ford,TRANSIT CONNECT VAN 2WD,2016,DA,3,4800
1228,TOYOTA,COROLLA,2020,DA,1,3045
1229,International,DURASTAR,2020,HHD,8,40000
1230,International,DURASTAR,2021,HHD,8,66000
1231,International,DURASTAR,2020,HHD,8,45000
1232,International,4300,2020,HHD,8,35000
1233,International,4300,2020,HHD,8,35000
1234,International,4300,2020,HHD,8,35000
1235,International,4300,2020,HHD,8,35000
1236,International,4300,2020,HHD,8,35000
1237,International,4300,2020,HHD,8,35000
1238,International,4300,2020,HHD,8,35000
1239,International,4300,2020,HHD,8,35000
1240,International,4300,2020,HHD,8,35000
1241,Nissan,Pathfinder,2017,DA,1,3800
1242,TOYOTA,Tacoma,2010,DA,2,7010
1243,TOYOTA,Camry,2018,DA,1,3241
1244,TOYOTA,Tundra,2018,DA,2,3039
1245,Ford,Focu,2018,DA,1,9999998
1246,CHRYSLER,PACIFICA,2018,DA,3,4330
1247,TOYOTA,SCION xB,2016,DA,1,2758
1248,Volkswagen,Jetta,2018,DA,1,4387
1249,Mitsubishi,Eclipse,2018,DA,1,6500
1250,TOYOTA,Scion,2016,DA,1,2758
1251,HONDA,Accord,2018,DA,1,3428
1252,Audi,Q3,2018,DA,1,6479
1253,Subaru,Forester,2018,DA,3,4480
1254,TOYOTA,SIENNA,2015,DA,3,4540
1255,Ford,E-150,2020,DA,2,5470
1256,Hyundai,Palisade,2019,DA,1,7800
1257,Ford,F-250,2020,LHD,2,6440
1258,TOYOTA,Tacoma,2018,DA,2,3980
1259,DODGE,RAM,2018,DA,2,3150
1260,Ford,RANGER,2017,DA,2,6448
1261,Chevrolet,Malibu,2010,DA,1,3800
1262,VOLVO,S60,2019,DA,1,3976
1263,Chevrolet,COLORADO,2020,DA,2,4424
1264,Ford,Express,2018,DA,3,6800
1265,CHRYSLER,PACIFICA,2013,DA,1,4013
1266,Nissan,Leaf,2019,DA,1,4508
1267,Chevrolet,SILVERADO,2008,DA,2,7080
1268,TOYOTA,Hylander,2018,DA,1,4900
1269,TOYOTA,Camry Hybrid,2016,DA,1,4800
1270,TOYOTA,HIGHLANDER,2015,DA,1,5800
1271,Chevrolet,SUBURBAN,2012,DA,1,7800
1272,Ford,EXPLORER,2014,DA,1,6200
1273,Ford,ESCAPE,2016,DA,1,6800
1274,Nissan,Cube,2008,DA,1,5800
1275,DODGE,Impala,2015,DA,1,5390
1276,Ford,TRANSIT CONNECT WAGON FFV,2020,DA,3,4920
1277,Ford,E-450,2020,LHD,3,8260
1278,DODGE,Grand Caravan,2018,DA,3,4510
1279,Ford,TRANSIT,2020,LHD,3,4920
1282,Ford,F-350 Super Duty,2020,LHD,2,8500
1283,Ford,TRANSIT CONNECT,2020,DA,3,6500
1284,Ford,F-350 Box Truck ,2022,LHD,5,8500
1285,Ford,TRANSIT CONNECT,2020,DA,3,6500
1286,Ford,TRANSIT CONNECT,2020,DA,3,6500
1287,Ford,F-350,2020,LHD,2,8500
1288,Ford,F-350,2020,LHD,2,8500
1289,Ford,Astro Van,2014,DA,3,5900
1290,Ford,TRANSIT 150,2018,DA,3,6980
1291,Ford,TRANSIT,2017,LHD,3,6800
1292,Lincoln,MKC,2018,DA,1,3791
1293,Ford,EXPLORER,2012,DA,1,4732
1294,Kia,SORENTO,2020,DA,1,3305
1295,Subaru,Crosstrek,2020,DA,1,3113
1296,Kia,SORENTO,2017,DA,1,6500
1297,Subaru,Crosstrek,2016,DA,1,5900
1298,Jeep,CHEROKEE,2010,DA,1,4090
1299,Ford,AEROSTAR VAN,2016,DA,3,5900
1300,HONDA,CRV,2021,DA,1,7100
1301,MAZDA,RX-7,2016,DA,1,3200
1302,TOYOTA,Rav 4,2011,DA,1,3900
1303,Chevrolet,3500 CUBE VAN,2017,LHD,3,7800
1304,HINO,268,2015,MHD,5,14500
1305,Chevrolet,SILVERADO,2015,DA,2,7000
1306,Chevrolet,1500,2014,DA,2,7500
1307,Nissan,Pathfinder,2016,DA,1,4050
1308,HONDA,PILOT,2017,DA,1,4280
1309,DODGE,RAM 1500,2017,DA,2,3150
1310,Chevrolet,2500 HD PICKUP,2018,LHD,2,4400
1311,Nissan,nv2500,2012,LHD,1,4700
1312,Jeep,CHEROKEE,2020,DA,1,9999998
1313,HONDA,Civic,2012,DA,1,3200
1314,Hyundai,Sonata,2018,DA,1,3500
1315,Jeep,CHEROKEE,2009,DA,1,4200
1316,Ford,TRANSIT,2018,LHD,3,6800
1317,Chevrolet,SILVERADO,2016,DA,2,8600
1318,Ford,F250,2014,LHD,2,10000
1319,HINO,195dc,2020,MHD,8,19511
1320,HINO,195,2020,MHD,8,19511
1321,Freightliner,m2,2020,MHD,8,25500
1322,Chevrolet,3500 EXPRESS BOX TRUCK,2016,LHD,5,12000
1323,Jeep,PATRIOT,2018,DA,1,5100
1324,TOYOTA,RAV4,2015,DA,1,3980
1325,HONDA,Civic,2014,DA,1,3100
1326,Freightliner,Cascadia,2010,HHD,8,66000
1327,International,3400,2008,HHD,8,56000
1328,Freightliner,"New Cascadia 116"" Day cab",2010,HHD,8,54000
1329,Freightliner,"New Cascadia 116"" Day cab",2005,HHD,8,58000
1330,Ford,ECONOLINE,2012,HHD,3,68000
1331,Chevrolet,EXPRESS 3500,2009,LHD,3,8800
1332,Ford,TRANSIT,2012,LHD,3,6800
1333,Ford,FUSION,2013,DA,1,3900
1334,Chevrolet,Monte Carlo,2007,DA,1,3354
1335,Buick,Encore,2015,DA,1,4374
1336,TOYOTA,path,2016,DA,1,5800
1337,DODGE,CALIBER,2015,DA,1,4980
1338,HONDA,Civic,2015,DA,1,3880
1339,Ford,TAURUS,2008,DA,1,5100
1340,Nissan,Pathfinder,2014,DA,1,6000
1341,Volkswagen,Beetle Convertible,2015,DA,1,3900
1342,Ford,TRANSIT CONNECT,2018,DA,3,3979
1343,Ford,F-550,2018,LHD,2,7510
1344,Chevrolet,3500 EXPRESS BOX TRUCK,2019,LHD,5,7239
1345,Ford,F-150,2021,DA,2,4470
1346,Ford,FIESTA,2021,DA,1,2578
1347,Buick,Allure,2014,DA,1,3100
1348,MACK,Anthem,2016,HHD,8,86000
1349,Peterbilt,359,2010,HHD,8,86000
1350,MAZDA,3,2018,DA,1,3208
1351,Ford,F150,2017,DA,2,7010
1352,Ford,Bronco,2008,DA,1,4100
1353,Ford,Cargo Van,2018,LHD,3,8600
1354,DODGE,DURANGO,2016,DA,1,4600
1355,Cadillac,CT6,2021,DA,1,5070
1356,Nissan,PATHFINDER,2017,DA,1,5985
1357,TOYOTA,SCION,2012,DA,1,3027
1358,Freightliner,International,2015,HHD,8,88000
1359,Freightliner,Cascadia,2012,HHD,8,68000
1360,Freightliner,"New Cascadia 116"" Day cab",2009,HHD,8,80000
1361,Freightliner,COLUMBIA,2011,HHD,8,66000
1362,VOLVO,VNL TRACTOR,2004,HHD,8,87000
1363,MACK,R,2012,HHD,8,56000
1364,GMC,TERRAIN,2017,DA,1,3280
1365,Freightliner,122SD,2014,HHD,8,88000
1366,TOYOTA,4RUNNER 4WD,2021,DA,1,3100
1367,Ford,F150,1994,DA,2,7010
1368,TOYOTA,HIGHLANDER,2016,DA,1,5840
1369,HONDA,HR-V,2016,DA,1,3109
1370,Chevrolet,Tahoe,2017,DA,1,6800
1371,Ford,RANGER,2018,DA,2,6200
1372,GMC,2500 HD,2017,LHD,2,6540
1373,Ford,EXPLORER,2015,DA,1,5700
1374,Ford,F150,2006,DA,2,7010
1375,Ford,fusion,2015,DA,1,3280
1376,Ford,F450 DUALLY,2012,LHD,5,12000
1377,GMC,3500,2012,LHD,5,11500
1378,Chevrolet,3500 STAKE TRUCK,2008,LHD,5,11500
1379,Chevrolet,3500 EXPRESS BOX TRUCK,2010,LHD,5,11000
1380,TOYOTA,SCION xB,2013,DA,1,4100
1381,Ford,Astro Van,2016,DA,3,4010
1382,Nissan,UD2600 Box,2011,MHD,5,26000
1383,Freightliner,"New Cascadia 116"" Day cab",2015,HHD,8,66000
1384,Prostar,International,2007,MHD,8,30000
1385,VOLVO,VNL,2011,MHD,8,30000
1386,Freightliner,"New Cascadia 116"" Day cab",2009,HHD,8,42000
1387,International,PROSTAR,2010,HHD,8,33000
1388,Chevrolet,Tahoe,2019,DA,1,6300
1389,Chevrolet,Cargo Van,2014,LHD,3,8800
1390,TOYOTA,Highlander ,2016,DA,1,3100
1391,Ford,Edge,2014,DA,1,2200
1392,DODGE,Nitro,2017,DA,1,5900
1393,DODGE,Nitro,2018,DA,1,5900
1394,Hyundai,Entourage,2017,DA,3,5800
1395,Ford,TRANSIT,2018,LHD,3,6100
1396,Chevrolet,2500,2013,LHD,2,8780
1397,DODGE,RAM,2017,DA,2,7100
1398,Ford,TRANSIT,2016,LHD,3,7000
1399,Ford,F250,2016,LHD,2,10000
1400,Nissan,NV,2016,DA,3,8050
1401,Ford,TRANSIT,2017,LHD,3,6800
1402,Chevrolet,COBALT,2018,DA,1,2681
1403,BMW,1 Series,2018,DA,1,4851
1404,Ford,RANGER,2018,DA,2,6800
1405,Ford,TRANSIT CONNECT,2016,DA,3,6800
1406,Buick,Terraza,2016,DA,3,5900
1407,Chevrolet,3500 EXPRESS BOX TRUCK,2008,LHD,5,12000
1408,Jeep,CHEROKEE,2009,DA,1,6500
1409,Ford,Astro Van,2011,DA,3,4200
1410,Ford,ESCAPE,2017,DA,1,4280
1411,Nissan,Pathfinder,2016,DA,1,6200
1412,Lincoln,Navigator,2020,DA,1,6200
1413,Chevrolet,Blazer,2016,DA,1,6800
1414,Chevrolet,GMT-400,2014,DA,2,6100
1415,Chevrolet,Tahoe,2009,DA,1,5100
1416,Freightliner,M2 106md,2008,HHD,5,33000
1417,Chevrolet,4500,2019,LHD,5,12000
1418,DODGE,DURANGO,2019,DA,1,6800
1419,Ford,TRANSIT,2020,LHD,3,4920
1420,Ford,TRANSIT CONNECT,2018,DA,3,5050
1421,Ford,TRANSIT,2016,LHD,3,5160
1422,HONDA,accord,2015,DA,1,5400
1423,Nissan,Pathfinder,2018,DA,1,5986
1424,TOYOTA,PRIUS,2017,DA,1,3400
1425,TOYOTA,COROLLA,2014,DA,1,3000
1426,Mitsubishi,Outlander,2016,DA,1,5192
1427,HONDA,Civic,2018,DA,1,2771
1429,Ford,E-450 STARCRAFT,2008,LHD,5,15000
1430,Isuzu,NPR,2017,MHD,5,22000
1431,Isuzu,NPR,2014,MHD,5,12000
1432,TOYOTA,PRIUS,2015,DA,1,3100
1433,TOYOTA,Highlander Hybrid,2018,DA,1,5970
1434,Isuzu,NPR,2014,MHD,5,12500
1435,Hyundai,IONIQ,2017,DA,1,3172
1436,TOYOTA,PRIUS,2018,DA,1,2900
1437,Tesla,MODEL 6,2017,DA,1,5997
1438,MERCEDES BENZ,e class,2018,DA,1,5800
1439,Hyundai,ELANTRA,2017,DA,1,6100
1440,DODGE,Charger,2014,DA,1,5300
1441,TOYOTA,Civic,2017,DA,1,3800
1442,TOYOTA,COROLLA,2018,DA,1,3600
1443,Ford,ESCAPE,2011,DA,1,5100
1444,Ford,EXPLORER,2014,DA,1,6200
1445,Ford,F350 TRANSIT,2014,LHD,3,8600
1446,Lexus,ES 350,2015,DA,1,3100
1447,Chevrolet,SILVERADO,2020,DA,2,9800
1448,Volkswagen,ID.4,2021,DA,1,4568
1449,Hyundai,Santa Fe,2017,DA,3,4045
1450,Nissan,Quest,2019,DA,3,3668
1451,Ford,CMAX,2015,DA,3,3607
1452,Ford,F350 Box Truck ,2018,LHD,5,3893
1453,Kia,SORENTO,2020,DA,1,4100
1454,Nissan,Rogue Select,2019,DA,1,3900
1455,Kia,SOUL,2017,DA,1,3200
1456,Ford,E350 BOX TRUCK,2010,LHD,5,11500
1457,Ford,E-450 STARCRAFT,2008,LHD,5,12400
1458,Ford,F450 BOX TRUCK,2009,LHD,5,14000
1459,Ford,F450 BOX TRUCK,2015,LHD,5,8000
1460,TOYOTA,COROLLA,2013,DA,1,3800
1461,HONDA,Civic,2009,DA,1,3900
1462,Lincoln,LS,2015,DA,1,6900
1463,Ford,TAURUS,2009,DA,1,2900
1464,Ford,F-450,2018,LHD,2,8280
1465,Kia,Niro,2019,DA,1,3199
1466,Chevrolet,3500,2018,LHD,2,7800
1467,Chevrolet,Tahoe,2017,DA,1,5800
1468,TOYOTA,Tundra,2016,DA,2,6700
1469,TOYOTA,Tacoma,2018,DA,2,6080
1470,Volkswagen,CC,2018,DA,1,3369
1471,TOYOTA,Mirai,2016,DA,1,4098
1472,TOYOTA,SIENNA,2015,DA,3,2865
1473,Ford,F350 Box Truck ,2008,LHD,5,4700
1474,HONDA,ODDYSSEY,2019,DA,3,3514
1475,HONDA,HR-V,2020,DA,3,3500
1476,HONDA,Civic,2018,DA,1,3500
1477,Jeep,LIBERTY,2017,DA,2,4290
1478,Ford,TRANSIT,2019,LHD,1,3299
1479,Tesla,Model 3,2020,DA,1,4032
1480,HONDA,ACCORD,2020,DA,1,3400
1481,TOYOTA,COROLLA,2017,DA,1,2900
1482,HONDA,Sienna,2019,DA,3,4100
1483,Ford,TRANSIT,2016,LHD,3,6800
1484,Ford,E350 BOX TRUCK,2014,LHD,5,10000
1485,Ford,F350 BOX TRUCK,2014,LHD,5,12000
1486,Ford,F350 Box Truck ,2012,LHD,5,10500
1487,Ford,TRANSIT,2014,LHD,3,6800
1488,TOYOTA,CAMRY,2012,DA,1,3420
1489,Subaru,Ascent,2015,DA,1,5800
1490,Ford,Bronco,2006,DA,1,4077
1491,TOYOTA,Tacoma,2017,DA,2,6200
1492,Ford,TRANSIT CONNECT VAN,2016,DA,3,6200
1493,Ford,Astro Van,2015,DA,3,3980
1494,DODGE,Caravan ,2018,DA,3,6050
1495,Chevrolet,3500 EXPRESS BOX TRUCK,2015,LHD,5,10500
1496,Ford,E450 BOX TRUCK,2017,LHD,5,15000
1497,HONDA,Acura,2015,DA,1,2980
1498,Volkswagen,CC,2019,DA,1,4497
1499,TOYOTA,SCION,2008,DA,1,3682
1500,TOYOTA,SCION xA,2020,DA,1,3348
1501,HONDA,Acura,2015,DA,1,3480
1502,Ford,AEROSTAR VAN,2016,DA,3,3800
1503,Audi,e-tron,2019,DA,1,7066
1504,TOYOTA,RAV4,2018,DA,1,4705
1505,Chevrolet,EXPRESS 2500,2020,LHD,3,9200
1506,Freightliner,"New Cascadia 126"" Day cab",2005,HHD,8,60000
1507,Ford,EXPLORER,2014,DA,1,5200
1508,Lincoln,Navigator,2016,DA,1,4100
1509,Lexus,RX350,2016,DA,1,7200
1510,Mitsubishi,Eclipse,2018,DA,1,6890
1511,Nissan,Rogue,2016,DA,1,6900
1512,GMC,YUKON,2011,DA,1,4100
1513,Lexus,LS 460,2018,DA,1,5415
1514,Ford,F 350,2019,LHD,2,10000
1515,Ford,F250,2017,LHD,2,10000
1516,Ford,F150,2020,DA,2,7010
1517,Jeep,Compass,2014,DA,1,7300
1518,Ford,F250,2016,LHD,2,10000
1519,DODGE,RAM,2016,LHD,2,9200
1520,DODGE,DURANGO,2012,DA,1,5100
1521,HONDA,CRV,2016,DA,1,3552
1522,Hyundai,ELANTRA,2018,DA,1,3855
1523,CHRYSLER,Aspen,2018,DA,1,5480
1524,Ford,TRANSIT,2017,LHD,3,6600
1525,Ford,Astro Van,2015,DA,3,4850
1526,GMC,ACADIA,2016,DA,1,6200
1527,GMC ,Terrain ,2017,DA,1,5900
1528,HONDA,Civic,2016,DA,1,3900
1529,Chevrolet,Blazer,2014,DA,1,4900
1530,Ford,F550,2009,LHD,5,12700
1531,TOYOTA,COROLLA,2016,DA,1,2875
1532,Ford,F-150,2015,DA,2,6010
1533,Subaru,baja,2018,DA,2,5100
1534,HONDA,RIDGELINE,2018,DA,2,5200
1535,Peterbilt,386,2012,HHD,8,52000
1536,Ford,F-650,2014,MHD,8,66000
1537,Peterbilt,386,2012,HHD,8,52000
1538,Peterbilt,386,2012,HHD,8,52000
1539,Peterbilt,359,2019,HHD,8,68000
1540,Freightliner,M2,2018,MHD,8,25000
1541,TOYOTA,Scion,2018,DA,1,3120
1542,Freightliner,COLUMBIA,2005,HHD,8,66000
1543,Kenworth,Tractor,2002,HHD,8,56000
1544,Freightliner,Cascadia,2012,HHD,8,70000
1545,Freightliner,COLUMBIA,2011,HHD,8,56000
1546,TOYOTA,COROLLA,2011,DA,1,2734
1547,GMC,Canyon,2019,DA,2,3938
1548,Subaru,Forrester,2016,DA,1,3622
1549,TOYOTA,CAMRY,2004,DA,1,3142
1550,Ford,ESCAPE,2015,DA,1,3200
1551,Chevrolet,3500 HD,2022,LHD,5,4200
1552,Nissan,2300 Box ,2012,DA,5,2983
1553,DODGE,RAM 5500,2015,LHD,5,4054
1554,Ford ,F450 Box Truck ,2013,LHD,5,4597
1555,Nissan,Ultima,2016,DA,1,2980
1556,Kia,SORENTO,2013,DA,5,3780
1557,Hyundai,Sonata,2014,DA,1,3338
1558,Cadillac,XT4,2019,DA,1,4200
1559,Chevrolet,VOLT,2014,DA,1,3786
1560,DODGE,CARAVAN,2017,DA,3,4510
1561,DODGE,CARAVAN,2017,DA,3,4510
1562,HONDA,HR-V,2022,DA,1,3219
1563,MAZDA,CX-05,2017,DA,1,3655
1564,HONDA,Civic,2006,DA,1,3200
1565,Volkswagen,Rabbit,2009,DA,1,3072
1566,Nissan,Rogue,2016,DA,1,3200
1567,HONDA,PILOT,2003,DA,1,4400
1568,Hyundai,Tucson,2017,DA,1,3400
1569,Ford,FOCUS,2004,DA,1,2550
1570,Ford,TRANSIT,2018,LHD,3,3979
1571,Lexus,ES 350,2021,DA,1,4250
1572,Tesla,3,2018,DA,1,4541
1573,Ford,F250,2019,LHD,2,10000
1574,Ford,F250,2015,LHD,2,10000
1575,Ford,F250,2016,LHD,2,10000
1576,Ford,F150,2015,DA,2,5000
1577,Ford,F250,2018,LHD,2,10000
1578,Ford,F650,2017,MHD,5,15000
1579,Ford,F650,2016,MHD,5,15000
1580,Ford,F650,2018,MHD,5,13500
1581,Ford,F150,2018,DA,2,7010
1582,Ford,F250,2017,LHD,1,10000
1583,TOYOTA,CAMRY,2017,DA,1,3800
1584,HONDA,Civic,2012,DA,1,3300
1585,Chevrolet,Malibu,2016,DA,1,6100
1586,Freightliner,Cascadia,2014,HHD,8,66000
1587,Kenworth,T370,2010,HHD,8,72000
1588,Ford,F450 BOX TRUCK ,2011,LHD,5,22500
1589,Ford,F550,2016,LHD,5,22000
1590,Freightliner,Cascadia,2014,HHD,8,66000
1591,Subaru,OUTBACK,2014,DA,1,4560
1592,TOYOTA,RAV4,2020,DA,1,9999998
1593,TOYOTA,RAV4,2012,DA,1,9999998
1594,Freightliner,Cascadia,2010,HHD,8,66000
1595,Freightliner,COLUMBIA,2016,HHD,8,60000
1596,Freightliner,COLUMBIA,2008,HHD,8,66000
1597,Freightliner,COLUMBIA,2012,HHD,8,68000
1598,Freightliner,CST112,2011,MHD,8,5800
1599,Freightliner,CST120,2014,HHD,8,68000
1600,Freightliner,COLUMBIA,2012,HHD,8,68000
1601,Freightliner,CST120,2010,HHD,8,66000
1602,Isuzu,NPR,2015,MHD,5,12000
1603,TOYOTA,RAV4,2020,DA,1,3710
1604,Chevrolet,SILVERADO,2020,DA,2,7239
1605,Ford,F-250,2022,LHD,2,6360
1606,Ford,F-150,2021,DA,2,4575
1607,Ford,ESCAPE,2018,DA,1,3226
1608,Ford,F-550,2020,LHD,2,7510
1609,International,DURASTAR,2015,MHD,6,26000
1610,Ford,F-550,2018,LHD,2,7510
1611,Ford,F350,2020,LHD,2,6350
1612,Ford,F-550,2020,LHD,2,7510
1613,Ford,F250,2017,LHD,2,7500
1614,Ford,F-350,2020,LHD,2,6300
1615,Ford,ESCAPE,2022,DA,1,3200
1616,Ford,ESAPE,2020,DA,1,3200
1617,Ford,F-150,2021,DA,2,4575
1618,Ford,F-150,2021,DA,2,4575
1619,Ford,TRANSIT,2020,LHD,3,3979
1620,Ford,F250,2016,LHD,2,10000
1621,Subaru,OUTBACK,2015,DA,1,3890
1622,Ford,E450 STARCRAFT,2014,LHD,5,14500
1623,GMC,SIERRA,2013,DA,2,6900
1624,Ford,TRANSIT CONNECT,2017,DA,3,6800
1625,Hyundai,ELANTRA,2015,DA,1,3880
1626,HINO,195,2018,MHD,8,25900
1627,Freightliner,M2,2020,MHD,8,25500
1628,HINO,195,2018,MHD,8,25900
1629,International,MV607,2018,MHD,8,22314
1630,Freightliner,m2,2020,MHD,8,25500
1631,HINO,195,2021,MHD,8,25000
1632,HINO,195,2021,MHD,8,25900
1633,Isuzu,NPR,2018,MHD,8,25000
1634,HINO,195,2018,MHD,8,25225
1635,HINO,195,2018,MHD,8,25500
1636,HINO,195,2018,MHD,8,25900
1637,Freightliner,M2,2020,MHD,8,25500
1638,HINO,195,2020,MHD,8,25800
1639,Freightliner,M2,2021,MHD,8,25000
1640,Nissan,nv2500,2020,LHD,3,5807
1641,Ford,F250,2017,LHD,2,10000
1642,DODGE,Nitro,2019,DA,1,7400
1643,DODGE,DURANGO,2016,DA,1,6400
1644,TOYOTA,TUNDRA,2015,DA,2,7200
1645,Ford,F550,2013,LHD,5,12500
1646,Chevrolet,3500 CUBE VAN,2015,LHD,3,6800
1647,Ford,E-150,2011,DA,3,7300
1648,TOYOTA,RAV4,2015,DA,1,5700
1649,TOYOTA,Camry Hybrid,2017,DA,1,2980
1650,Ford,ESCAPE,2016,DA,1,3100
1651,Hyundai,Tuscan,2019,DA,1,5280
1652,Freightliner,5500,2018,MHD,8,9510
1653,Freightliner,5500,2012,MHD,8,15000
1654,International,Durastar,2015,MHD,8,12000
1655,International,DURASTAR 4300,2018,HHD,8,46000
1656,Ford,EDGE,2014,DA,1,6500
1657,Jeep,Compass,2016,DA,1,6250
1658,Ford,F-650,2017,MHD,5,29000
1659,HONDA,CRV,2007,DA,1,4560
1660,Chevrolet,Tahoe,2019,DA,1,4800
1661,Ford,EXPLORER,2018,DA,1,4800
1662,HONDA,Civic,2017,DA,1,3900
1663,Ford,Astro Van,2014,DA,3,6800
1664,TOYOTA,Tacoma,2016,DA,2,5900
1665,Ford,ESCAPE,2021,DA,1,3226
1666,Hyundai,Accent,2015,DA,1,3100
1667,Freightliner,Cascadia,2014,HHD,8,88000
1668,Land Rover,Discovery,2017,DA,1,4300
1669,Freightliner,Cascadia,2002,HHD,8,58000
1670,Kia,SORENTO,2013,DA,1,4900
1671,BMW,525i,2007,DA,1,5004
1672,TOYOTA,Avalon,2017,DA,1,3700
1673,Freightliner,Cascadia,2017,HHD,8,66000
1674,Freightliner,Cascadia,2017,HHD,8,68000
1675,Freightliner,"New Cascadia 126"" Day cab",2015,HHD,8,88000
1676,Freightliner,B2 106 Conventional Chassis,2001,HHD,8,48000
1677,Kenworth,T2000,2008,HHD,8,48000
1678,Kenworth,T680,2016,HHD,8,66000
1679,International,7000,2005,HHD,8,52000
1680,Peterbilt,379,2006,HHD,8,58000
1681,Peterbilt,367,2019,HHD,8,58000
1682,Peterbilt,389,2017,HHD,8,58000
1683,Peterbilt,389,2018,HHD,8,47000
1684,Peterbilt,389,2014,HHD,8,58000
1685,Peterbilt,Conventional ,2008,HHD,8,58000
1686,Peterbilt,389,2014,HHD,8,62000
1687,Freightliner,M2,2011,HHD,8,42000
1688,Peterbilt,337,2013,MHD,8,60000
1689,VOLVO,VNL,1993,HHD,8,56000
1690,International,DURASTAR ,2014,HHD,8,56000
1691,TOYOTA,Hylander,2014,DA,1,6800
1692,Ford,EXPLORER,2015,DA,1,5800
1693,TOYOTA,Tacoma,2017,DA,2,7010
1694,TOYOTA,RAV4,2019,DA,1,3240
1695,Scion,xA,2016,DA,1,2416
1696,Ford,RANGER,2015,DA,2,6100
1707,Volkswagen,Jetta,2015,DA,1,4057
1708,Ford,RANGER,2017,DA,2,7000
1709,Chevrolet,EXPRESS,2010,DA,3,7800
1710,MERCEDES BENZ,EQB,2017,DA,1,6100
1711,Ford,TAURUS,2011,DA,1,3840
1712,International,PROSTAR,2010,HHD,8,66900
1713,Freightliner,"New Cascadia 116"" Day cab",2008,HHD,8,60000
1714,Freightliner,"New Cascadia 116"" Day cab",2010,HHD,8,66800
1715,Freightliner,COLUMBIA,2004,HHD,8,68000
1716,Freightliner,"New Cascadia 126"" Day cab",2009,HHD,8,46000
1717,Jeep,Compass,2021,DA,1,9999998
1718,TOYOTA,PRIUS,2017,DA,1,3480
1719,Ford,Bronco,2014,DA,1,5540
1720,Chevrolet,3500,2015,LHD,2,6230
1721,DODGE,Nitro,2017,DA,1,6100
1722,Freightliner,SPRINTER 2500,2010,LHD,8,9999998
1723,International,DURASTAR,2020,HHD,8,35500
1724,Freightliner,Cascadia,2019,HHD,8,52000
1725,VOLVO,VN,2016,HHD,8,45000
1726,Freightliner,Cascadia,2009,MHD,8,23600
1727,Freightliner,Cascadia,2012,HHD,8,35000
1728,Freightliner,cascadia 126,2015,MHD,8,26222
1729,TOYOTA,hylander ,2015,DA,1,5960
1730,Freightliner,Cascadia,2018,HHD,8,80000
1731,Freightliner,114SD,2018,HHD,8,92000
1732,Chevrolet,1500,2020,DA,2,4430
1733,International,DURASTAR 4300,2009,HHD,8,44600
1734,International,PROSTAR,2011,HHD,8,66000
1735,International,PROSTAR,2009,HHD,8,65000
1736,Freightliner,M2,2016,MHD,8,25625
1737,Freightliner,M2,2014,MHD,8,25500
1738,Freightliner,M2106,2019,MHD,8,25500
1739,Freightliner,M2106,2018,MHD,8,25500
1740,Freightliner,M2106,2019,MHD,8,25500
1741,Peterbilt,335,2008,HHD,8,34000
1742,Peterbilt,365,2011,HHD,8,39008
1743,Peterbilt,335,2009,HHD,8,33000
1744,Chevrolet,Blazer,2013,DA,1,4860
1745,HONDA,Civic,2013,DA,1,2900
1746,Ford,TRANSIT 150,2014,DA,1,6800
1747,Chevrolet,1500,2012,DA,2,7700
1748,Ford,F250,2014,LHD,2,10000
1749,Ford,F650 FLATBED,2014,MHD,5,12250
1750,TOYOTA,HIGHLANDER,2016,DA,1,6800
